9	opo0511a	NGC 1316	Fornax A	Galaxy Portrait	Hubble spies cosmic dust bunnies
10	opo0501a	NGC 1300	A poster-size of barred spiral galaxy NGC 1300	Prototypical Barred Spiral	A poster-size image of the beautiful barred spiral galaxy NGC 1300
15	heic0910s	NGC 6217	Barred spiral galaxy NGC 6217	Barred Spiral Galaxy	Barred spiral galaxy NGC 6217
17	heic0905a	NGC 7049	Dramatically backlit dust lanes in NGC 7049	Backlit Dust-Lane Galaxy	Dramatically backlit dust lanes in NGC 7049
19	heic0706a	NGC 1672	Stellar nursery in the arms of NGC 1672	Spiral-Arm Stellar Nursery	Stellar nursery in the arms of NGC 1672
41	heic1712a	NGC 1510 / NGC 1512	NGC 1512 and NGC 1510	Interacting Spiral and Dwarf	NGC 1512 and NGC 1510
55	potw1442a	NGC 4526	The whirling disc of NGC 4526	Whirling Lenticular Galaxy	The whirling disc of NGC 4526
58	heic2313a	UGC 8091	Dwarf irregular galaxy UGC 8091	Dwarf Irregular Galaxy	Dwarf irregular galaxy UGC 8091
85	heic1403a	M 83	of barred spiral galaxy Messier 83	Southern Pinwheel Galaxy	Hubble view of barred spiral galaxy Messier 83
88	heic0711a	NGC 4449	Stellar fireworks are ablaze in galaxy NGC 4449	Stellar Fireworks Galaxy	Stellar fireworks are ablaze in galaxy NGC 4449
97	potw1348a	NGC 660	A bizarre cosmic rarity NGC 660	Polar Ring Galaxy	A bizarre cosmic rarity: NGC 660
100	heic0804a	NGC 1132	The gargantuan galaxy NGC 1132	Fossil Group Giant	The gargantuan galaxy NGC 1132
141	heic2502a	NGC 346	Stellar sculptors in NGC 346	Stellar Sculptors	Stellar sculptors in NGC 346
144	potw2511a	SMC 13	SMC 13	Colourful Clouds	Colourful clouds of a nearby neighbour
148	opo2506	LEDA 1313424	Galaxy LEDA 1313424	Bullseye	Galaxy LEDA 1313424
163	heic2414a	NGC 2207 / IC 2163	Galaxies IC 2163 and NGC 2207	Interacting Spiral Pair	Galaxies IC 2163 and NGC 2207 (Webb and Hubble image)
169	heic2411a	REP: M 87	REP: M 87	Black Hole Jet and Nova	Black hole jet and accompanying erupting nova (artist's concept)
170	potw2439a	IC 1954	The new and improved IC 1954	Asymmetric Spiral Galaxy	The new and improved IC 1954
172	opo2422a	MCG -03-34-064	MCG -03-34-064	Dual Active Nuclei	Black hole pair embedded in middle of active galaxy MCG-03-34-064
193	heic2407a	UGC 12158	Asteroid photobombs snapshot of Galaxy UGC 12158	Asteroid-Photobombed Galaxy	Asteroid photobombs Hubble snapshot of Galaxy UGC 12158
194	potw2416a	NGC 3783	The eponymous NGC 3783	Active Spiral Galaxy	The eponymous NGC 3783
201	opo2404a	AM 1054-325	AM 1054-325	String-of-Pearls Galaxy	Hubble traces 'string-of-pearls' star clusters in galaxy collisions
205	potw2401a	J020941.1+001557	HerS J020941.1+001557	So Near, So Far	So near, or so far?
209	potw2348a	Abell 3192	Abell 3192	One Cluster or Two	One cluster or two?
212	heic2310a	MACS J0416.1-2403	MACS J0416.1-2403	Christmas Tree Galaxy Cluster	Galaxy cluster MACS0416 (Hubble and Webb composite image)
216	potw2342a	IC 5332	IC 5332	Weakly Barred Spiral	‘S’ is for ‘Spiral’, ‘AB’ is for … ‘Weakly Barred’
223	potw2333a	2MASX J05101744-4519179	2MASX J05101744-4519179	Clear-View Galaxy Cluster	A clear view of a galaxy cluster
226	potw2329a	Arp 263	Starstruck of Arp 263	Starstruck Irregular Galaxy	Starstruck image of Arp 263
227	potw2328a	eMACS J1353.7+4329	eMACS J1353.7+4329	Galactic Monster Mash	Galactic monster mash
231	potw2323a	J211347.41+022834.9	WINGS J211347.41+022834.9	Under the Sea	Under the Sea
232	potw2322a	NGC 298	explores explosive aftermath in NGC 298	Galaxy Portrait	Hubble explores explosive aftermath in NGC 298
235	potw2317a	ACO S520	ACO S520	Galaxy Cluster	The cluster that almost got away
237	opo23011a	M 87	M 87	Virgo A	The Hubble and Keck Telescopes assemble a 3D view of a giant galaxy
238	potw2315a	ZwCl 1012-0047	ZwCl 1012-0047	Jellyfish Galaxy	A jellyfish and the ram
240	potw2313a	Z 229-15	Z 229-15	Galaxy Portrait	Everything, in one place, all at once
242	potw2311a	UGCA 307	UGCA 307	Galaxy Portrait	Hubble’s neighbourhood watch
244	potw2309a	Ka 364	Ka 364	Galactic Seascape	Galactic Seascape
245	potw2308a	2MASX J00190792-2026281 / CL J0019-2026	2MASX J00190792-2026281	Cosmic Contortions	Cosmic Contortions
248	potw2247a	AM 0417-391	AM 0417-391	Galaxy Portrait	Hubble Hunts an Unusual Galaxy
253	potw2217a	GAMA 526784	GAMA 526784	Galaxy Portrait	Hubble Spies a Tenuous Diffuse Galaxy
254	heic2201a	NGC 2444 / Arp 143	’s of Arp 143	Galaxy Portrait	Hubble’s Observation of Arp 143
262	potw2118a	Abell 3827	Abell 3827	Our Giant Universe	Our Giant Universe
266	potw2033a	NGC 2442	SN2015F	Meathook Galaxy	Cosmic Fireworks
273	potw1902a	Messier 89	Messier Monday	Galaxy Portrait	Messier Monday
274	potw1851a	REP: Hubble Space Telescope	Space Telescope	Galaxy Portrait	Hubble opens its eye again
275	heic1810a	NGC 6744	The glowing spiral arms of NGC 6744	Spiral Galaxy	The glowing spiral arms of NGC 6744
276	heic1801a	Abell 1758	Abell 1758	Merging Galaxy Cluster	Northern part of Abell 1758
279	heic1414a	SDSS J1531+3414	HGO2008]SDSS J1531+3414	Galaxy Portrait	Droplets of star formation and two merging galaxies in SDSS J1531+3414
281	potw1425a	NGC 2441	SN 1995E	Supernova Host Galaxy	A curious supernova in NGC 2441
286	potw1246a	4C 73.08	4C 73.08	Galactic Fireflies	Galactic fireflies
287	heic1215b	MACS J0717.5+3745	MACS J0717.5+3745	Galaxy Cluster	Hubble image of MACS J0717
288	potw1238a	NGC 4634	NGC 4634	Spiral Galaxy	Glowing gas and dark dust in a side-on spiral
291	heic0901a	NGC 4921	NGC 4921	Anemic Spiral Galaxy	Unusual spiral NGC 4921 in the Coma Galaxy Cluster
292	opo0415a	AM 0644-741	AM 0644-741	Lure of the Rings	The lure of the rings
293	heic2609a	MXDFz4.4	Galactic pioneer MXDFz4.4	Galactic Pioneer	Galactic pioneer MXDFz4.4 (annotated Hubble and Webb image)
294	heic2605a	CDG-2	Galaxy field of low-surface-brightness galaxy CDG-2	Low-Surface-Brightness Galaxy	Galaxy field of low-surface-brightness galaxy CDG-2
298	potw2115a	Abell 2813	ACO 2813	Light Bends from Beyond	Light Bends from the Beyond
303	opo1443a	Abell 2744	Abell 2744	Galaxy Cluster	Hubble sees ghost light from dead galaxies in galaxy cluster Abell 2744
304	heic1421a	DDO 68	DDO 68	Dwarf Galaxy	Dwarf galaxy DDO 68
305	potw1438a	NGC 7793	Jets and explosions in NGC 7793	Galaxy Portrait	Jets and explosions in NGC 7793
306	heic1416a	MACS J0416.1-2403	MACS J0416.1-2403	Christmas Tree Galaxy Cluster	Hubble image of galaxy cluster MACS J0416.1–2403
308	heic1401a	Abell 2744	Abell 2744	Galaxy Cluster	Hubble Frontier Fields view of Abell 2744
310	heic1202a	NGC 1073 / VV 96 / PKS 0241+011	IXO 5	Galaxy Portrait	Hubble image of NGC 1073
312	heic0914a	NGC 4710	looks at sideways NGC 4710 (crop	Galaxy Portrait	Hubble looks at sideways NGC 4710 (crop)
313	heic0912a	NGC 2623	views results of NGC 2623 merger	Interacting Galaxies	Hubble views results of NGC 2623 merger
315	opo0207a	NGC 2787	Galaxy NGC 2787	Galaxy Portrait	Galaxy NGC 2787
317	opo22051a	HIPASS J1131–31	HIPASS J1131–31	Galaxy Portrait	Tiny, Hidden Galaxy Provides A Peek Into The Past
329	potw1918a	CL J0615-5746	SPT0615-JD	Distant Ancient Galaxy	Distant and ancient
331	eso1631a	Mrk 1018	Markarian 1018	Active Galaxy	The active galaxy Markarian 1018
332	heic1602a	NGC 4889	The sleeping giant NGC 4889	Sleeping Giant Galaxy	The sleeping giant NGC 4889
334	potw1520a	NGC 6240	revisits tangled NGC 6240	Tangled Merger Galaxy	Hubble revisits tangled NGC 6240
337	potw1445a	Abell 1413	Abell 1413	Galactic Neighbourhood	Hubble reveals a super-rich galactic neighbourhood
338	potw1352a	Messier 65	SN 2013am	Supernova Host Galaxy	Messier 65 through the years
339	potw1151a	LRG 3-757	LRG 3-757	Galaxy Portrait	Hubble captures a “lucky” galaxy alignment
341	heic0106b	NGC 1512 / IRAS 04022-4329	Composite ultraviolet-visible-infrared of NGC 1512	Barred Spiral Galaxy	Composite ultraviolet-visible-infrared image of NGC 1512
345	potw2120a	ACO S 295	ACO S 295	Menagerie of Galaxies	A Menagerie of Galaxies
351	potw2024a	PLCK G045.1+61.1	CNG2015] PLCK G045.1+61.1	Bright Cosmic Find	A Bright Find
357	heic1816a	Abell 370	Abell 370	Frontier Fields Cluster	BUFFALO’s view on Abell 370
359	heic1612a	LEDA 36252	LEDA 36252, a cosmic tadpole	Cosmic Tadpole	LEDA 36252, a cosmic tadpole
360	potw1604a	[LO95] 0313-192	LO95] 0313-192	Misbehaving Spiral	A misbehaving spiral
362	potw1430a	2MASX J06094582-2140234	2MASX J06094582-2140234	Cosmic Hair Ruffling	Galaxy gets a cosmic hair ruffling
365	potw1338a	MACS J0152.5-2852	MACS J0152.5-2852	Galaxy Cluster	A scattering of spiral and elliptical galaxies
366	potw1333a	PGC 16389 / ESO 252-1	APMBGC 252+125-117	Cosmic Optical Illusion	A cosmic optical illusion
368	heic0902a	NGC 7173 / NGC 7174 / NGC 7176 / HCG 90	HCG 90	Galaxy Portrait	Trio of galaxies mixes it up
369	opo0107a	NGC 4013 / IRAS 11559+4413	Edge-On of NGC 4013	Galaxy Portrait	Edge-On view of NGC 4013
371	opo9940a	NGC 221	NGC 221	Galaxy Portrait	Hubble identifies source of ultraviolet light in an old nebula
374	heic2101a	NGC 1614 / NGC 3256 / NGC 34 / NGC 3690 / NGC 4194 / NGC 6052	Showcases 6 Galaxy Mergers	Interacting Galaxies	Hubble Showcases 6 Galaxy Mergers
376	heic2019b	NGC 1052	Region around Galaxy NGC1052-DF4	Galaxy Portrait	Region around Galaxy NGC1052-DF4
390	heic1523a	MACS J0416.1-2403	MACS J0416.1-2403	Christmas Tree Galaxy Cluster	Hubble Frontier Fields view of MACSJ0416.1–2403
391	heic1514a	NGC 833 / NGC 835 / NGC 838 / NGC 839 / HCG 16	HCG 16	Bizarre Cosmic Quartet	Hubble views bizarre cosmic quartet HCG 16
392	potw1450a	Mrk 209	UGCA 281	Messy Star Factory	A messy star factory
393	heic1423a	Abell 2744	Abell 2744	Galaxy Cluster	Abell 2744 and three images of a distant galaxy
396	heic1208a	NGC 3314 / NGC 3314A / NGC 3314B	of NGC 3314	Galaxy Portrait	Hubble view of NGC 3314
401	heic1108a	NGC 2442	SN 1999ga	Meathook Galaxy	Hubble image of the Meathook Galaxy
404	sci22005a	N/A	Webb’s First Images	Galaxy Portrait	Webb’s First Images
406	opo1733a	Abell 370	Abell 370	Frontier Fields Cluster	Abell 370 Parallel Field with Asteroids
407	potw2216a	VV 689	VV689	Galaxy Portrait	Hubble Inspects a Set of Galactic Wings
426	heic1920c	PSZ1 G311.65-18.48	PSZ1 G311.65-18.48	Sunburst Arc	Sunburst Arc 2
429	heic1820b	MACS J0416.1-2403	MACS J0416.1-2403	Christmas Tree Galaxy Cluster	Galaxy Cluster MACSJ0416
430	opo0708a	ESO 325-G004	Abell S0740	Star Cluster	Hubble illuminates cluster of diverse galaxies
431	opo1733b	Abell 370	Abell 370	Frontier Fields Cluster	Asteroids in Hubble Frontier Field Abell 370
434	heic1602b	NGC 4889	of NGC 4889	Galaxy Portrait	Wide-field view of NGC 4889 (ground-based view)
439	potw1510a	UGC 8201	The mysteries of UGC 8201	Galaxy Portrait	The mysteries of UGC 8201
440	potw1504a	IC 51 / Arp 230	The polar ring of Arp 230	Polar Ring Galaxy	The polar ring of Arp 230
441	potw1447a	UGC 1281 / PGC 6700 / 2MASX J01493473+3234464	2MASX J01493473+3234464	Slashing Smudge Galaxy	A slashing smudge across the sky
442	heic1425f	Fornax 5	Fornax 5	Globular Cluster	Globular cluster Fornax 5
443	heic1425c	Fornax 1	Fornax 1	Globular Cluster	Globular cluster Fornax 1
444	heic1425d	Fornax 2	Fornax 2	Globular Cluster	Globular cluster Fornax 2
445	heic1425e	Fornax 3	Fornax 3	Globular Cluster	Globular cluster Fornax 3
446	potw1432a	2MASX J16133219+5103436 / SDSS J161330.18+510335	2MASX J16133219+5103436	Galactic Soup	Galactic soup
448	potw1412a	MACS J0454.1-0300	MACS J0454.1-0300	Magnifying the Distant Universe	Magnifying the distant Universe
449	potw1411a	NGC 5793	Secrets at the heart of NGC 5793	Galaxy Portrait	Secrets at the heart of NGC 5793
460	potw2150a	NGC 3568	Gazes Sidelong at NGC 3568	Galaxy Portrait	Hubble Gazes Sidelong at NGC 3568
463	potw2127a	UGC 2665 / 2MASX J03193743+4137580	2MASX J03193743+4137580	One of the Greats	One of the Greats
468	opo1726c	MACS J2129-0741	MACS J2129-0741	Galaxy Cluster	Galaxy cluster MACS J2129-0741
473	potw1203a	M 100	Core of Messier 100 in super high res	Grand Design Spiral	Core of Messier 100 in super high res
475	ann0904a	NGC 5679 / Arp 274	NGC 5679 / Arp 274	Galaxy Triplet	Hubble celebrates the International Year of Astronomy 2009 with the galaxy triplet Arp 274
476	heic0808a	NGC 2397	Galaxy NGC 2397 with an explosive secret	Explosive Secret Galaxy	Galaxy NGC 2397 with an explosive secret
477	heic0717a	Arp 87	Arp 87	Galaxy Portrait	Arp 87
478	heic0710a	M 81	photographs grand design spiral galaxy M81	Bode's Galaxy	Hubble photographs grand design spiral galaxy M81
480	opo0607a	NGC 1309	snaps images of a pinwheel-shaped galaxy	Galaxy Portrait	Hubble snaps images of a pinwheel-shaped galaxy
483	opo0324a	NGC 3370	SN 1994AE	Celestial Composition	Celestial composition
487	opo9919i	NGC 4526	SN 1994D	Whirling Lenticular Galaxy	Supernova 1994D
489	opo9822b	NGC 7052	NGC 7052	Active Galaxy	Disk around a black hole in galaxy NGC 7052 (Hubble WFPC2 view)
490	opo9821b	NGC 4314	Galaxy NGC 4314	Galaxy Portrait	Galaxy NGC 4314 (Hubble view)
498	heic1513a	NGC 6503	NGC 6503	Galaxy Portrait	NGC 6503
500	heic1413a	NGC 5548	NGC 5548	Active Galaxy	Supermassive black hole at the heart of NGC 5548
501	potw1414a	CL J0102-4915	ACT-CL J0102-4915	Galaxy Cluster	Hubble weighs “the fat one”
502	potw1344a	NGC 6984	PSN J20575390-515	Galaxy Portrait	Stellar explosions in NGC 6984
507	potw1132a	HCG 7	HCG 7	Galaxy Portrait	Crowded, but suspiciously quiet?
510	opo1005a	NGC 2976	Star-birth party almost over in NGC 2976	Dwarf Spiral Galaxy	Star-birth party almost over in NGC 2976
511	opo0917a	MACS J0717.5+3745	MACS J0717.5+3745	Galaxy Cluster	Galaxy cluster MACS J0717
513	potw2235a	M 74	Gazes into M74	Galaxy Portrait	Hubble Gazes into M74
518	heic1920d	PSZ1 G311.65-18.48	PSZ1 G311.65-18.48	Sunburst Arc	Sunburst Arc 3
519	heic1920e	PSZ1 G311.65-18.48	PSZ1 G311.65-18.48	Sunburst Arc	Area surrounding the Sunburst Arc (ground-based image)
523	heic1621a	NGC 4696	Dusty filaments in NGC 4696	Galaxy Portrait	Dusty filaments in NGC 4696
528	heic1508a	IC 2006	Elliptical galaxy IC 2006	Elliptical Galaxy	Elliptical galaxy IC 2006
529	potw1503a	NGC 4217	Dust filaments of NGC 4217	Galaxy Portrait	Dust filaments of NGC 4217
530	heic1425a	Fornax 1, Fornax 2, Fornax 3, Fornax 5	Fornax 1	Globular Cluster	Four globular clusters in Fornax
532	opo1433a	IRC 0218	IRC 0218	Gravitational Lens	Gravitational lensing by galaxy in cluster IRC 0218, annotated
536	potw1223a	M 99	PTF 10fqs	Spiral Galaxy	A bright spark in a nearby spiral galaxy
538	heic1203b	ESO 243-49	ESO 243-49 HLX-1	Active Galaxy	Star cluster surrounds wayward black hole in cannibal galaxy ESO 243-49 (unlabelled)
541	potw1129a	IC 755	SN 1999an	Supernova Host Galaxy	Edge-on galaxy hosts supernova explosion
543	heic2016a	MACS J1206.2-0847	MACS J1206.2-0847	Galaxy Cluster	Hubble Sheds Light on Small-Scale Concentrations of Dark Matter (Artist’s Impression)
547	potw1904a	LEDA 44716 / Mrk 60	D100	Galaxy Portrait	Wading through water
550	potw1737a	NGC 5398	Starbursts in NGC 5398	Starburst Galaxy	Starbursts in NGC 5398
552	heic1505a	MACS J1149+2223 / MACS J1149.5+223	MACS J1149+2223	Galaxy Cluster	Galaxy cluster MACS j1149.5+223 and a supernova four times over
553	heic1505b	MACS J1149+2223 / MACS J1149.5+223	MACS J1149+2223	Galaxy Cluster	Galaxy cluster MACS j1149.5+223
554	heic1416c	MACS J0416.1-2403	MACS J0416.1-2403	Christmas Tree Galaxy Cluster	Mass map of galaxy cluster MCS J0416.1–2403 using strong and weak lensing
555	potw1409a	Messier 82	SN 2014J	Supernova Host Galaxy	Hubble views new supernova in Messier 82
556	potw1349a	NGC 1190 / HCG 22	2MASS J03032308-1539079	Galaxy Portrait	A members-only galaxy club
558	potw1318a	2MASX J05210136-2521450	2MASX J05210136-2521450	Interacting Galaxies	A tale of galactic collisions
560	potw1226a	DDO 82	DDO 82	Galaxy Portrait	A vapour of stars
561	heic1207a	NGC 2363 / NGC 2366	of NGC 2366	Giant Star-Forming Region	Hubble view of NGC 2366
563	heic1203a	ESO 243-49	ESO 243-49 HLX-1	Active Galaxy	Star cluster surrounds wayward black hole in cannibal galaxy ESO 243-49 (labelled)
564	heic1111b	Abell 2744	Abell 2744	Galaxy Cluster	Pandora’s Cluster — The merging galaxy cluster Abell 2744
565	heic1013a	NGC 4696	A cosmic question in NGC 4696	Galaxy Portrait	A cosmic question in NGC 4696
566	opo0929b	M 83	Camera 3 details star birth in galaxy M83	Southern Pinwheel Galaxy	Hubble Wide Field Camera 3 image details star birth in galaxy M83
567	opo0706c	Extended Groth Strip	Extended Groth Strip (EGS	Galaxy Portrait	Extended groth strip - full Hubble image
569	opo0034a	NGC 6745 / IRAS 19000+4040	Galaxy collision in NGC 6745	Interacting Galaxies	Galaxy collision in NGC 6745
570	potm2601b	NGC 7722	NGC 7722 in dark surroundings (wide crop	Galaxy Portrait	NGC 7722 in dark surroundings (wide crop)
572	sci25006a	GOODS-S field	GOODS-S field (NIRCam	Galaxy Portrait	GOODS-S field (NIRCam image)
573	potw2537b	M 82	M82 and its smouldering heart (horizontal collage	Galaxy Portrait	M82 and its smouldering heart (horizontal collage)
578	potw2230a	LEDA 58109	Follow the LEDA	Galaxy Portrait	Follow the LEDA
588	heic1920b	PSZ1 G311.65-18.48	PSZ1 G311.65-18.48	Sunburst Arc	Sunburst Arc 1
595	heic1901b	M 33 / NGC 604	M 33 / NGC 604	Triangulum Star-Forming Region	NGC 604 — a gigantic gas cloud in the Triangulum Galaxy
601	potw1839a	SDSS J1050+0017	ClG J1050+0017	Galaxy Portrait	Warped and distorted
604	potw1829a	SDSS J1336-0331	6dFGS gJ133600.1-033130	Interacting Galaxies	Major mergers
606	potw1827a	RXC J2211.7-0350	RXC J2211.7-0350	Galaxy Cluster	Zooming in on the early Universe
607	potw1825a	RXC J0949.8+1707	RXC J0949.8+1707	Galaxy Cluster	One galaxy, three supernovae
608	potw1824a	RXC J0232.2-4420	RXC J0232.2-4420	Galaxy Cluster	Strings of homeless stars
610	heic1810c	NGC 3627	Messier 66 — member of the Leo Triplet	Galaxy Triplet	Messier 66 — member of the Leo Triplet
611	heic1810f	Messier 106	Parts of Messier 106	Galaxy Portrait	Parts of Messier 106
612	heic1810b	UGCA 281	UGCA 281	Dwarf Galaxy	Dwarf galaxy UGCA 281
613	heic1810d	DDO 68	DDO 68	Galaxy Portrait	Pockets of star formation in DDO 68
614	heic1810e	Messier 96	Wave of star formation in Messier 96	Galaxy Portrait	Wave of star formation in Messier 96
617	potw1816a	PSZ2 G138.61-10.84	PSZ2 G138.61-10.84	Galaxy Cluster	Approaching the Universe’s origins
618	potw1815a	PSZ1 G308.33-20.21	PSZ1 G308.33-20.21	Galaxy Cluster	A colossal cluster
621	heic1803a	NGC 3344	Multi-filter of NGC 3344	Galaxy Portrait	Multi-filter image of NGC 3344
622	potw1807a	PLCK G004.5-19.5	PLCK G004.5-19.5	Galaxy Cluster	A window into the cosmic past
625	potw1750a	Abell 2163	Abell 2163	Galaxy Cluster	Cosmic fireflies
629	potw1748a	Abell 2537	Abell 2537	Galaxy Cluster	Streaks and stripes
631	potw1745a	Abell 1300	Abell 1300	Galaxy Cluster	Cosmic RELICS
632	potw1744a	Abell 665	Abell 665	Galaxy Cluster	Abell’s richest cluster
644	heic1711b	Abell 370	Abell 370	Frontier Fields Cluster	Abell 370 parallel field
645	heic1711a	Abell 370	Abell 370	Frontier Fields Cluster	The last of the Frontier Fields — Abell 370
647	potw1717a	NGC 7250	TYC 3203-450-1	Galaxy Portrait	A matter of distance
649	potw1713a	NGC 4424 / LEDA 213994	The NGC and its modern counterpart	Galaxy Portrait	The NGC and its modern counterpart
655	potw1702a	J1140.1+0307	RX J1140.1+0307	Active Galaxy	A black hole of puzzling lightness
659	potw1650a	IC 5201 / LEDA 27893	A closer look at IC 5201	Galaxy Portrait	A closer look at IC 5201
660	potw1648a	IC 3583	Spotlight on IC 3583	Galaxy Portrait	Spotlight on IC 3583
661	potw1647a	NGC 3274	NGC 3274	Galaxy Portrait	Hubble spies NGC 3274
665	heic1523b	MACS J0717.5+3745	Frontier Fields of MACSJ0717.5+3745	Galaxy Cluster	Hubble Frontier Fields view of MACSJ0717.5+3745
667	heic1519a	SpARCS1049+56, SpARCS1049	SpARCS1049+56	Galaxy Cluster	Image of the galaxy cluster SpARCS1049
668	opo1522a	EGS-zs8-1	EGS-zs8-1	Galaxy Portrait	Astronomers set a new galaxy distance record
669	potw1518a	NGC 949	The peculiar asymmetry of NGC 949	Galaxy Portrait	The peculiar asymmetry of NGC 949
676	sci14011a	Abell 2744	Abell 2744	Galaxy Cluster	Frontier Fields: Abell 2744 and “blank” field comparison
679	potw1426a	NGC 201 / HCG 7	HCG 7	Galaxy Portrait	A fossil in the making
683	heic1408a	CLASS B1608+656	CLASS B1608+656	Galaxy Portrait	Hubble’s cross-section of the cosmos
685	opo1417a	Abell 2744	Abell 2744	Galaxy Cluster	Distant galaxy in Hubble Frontier Field Abell 2744
687	hs-2013-44a	Abell 2744 / MACS J0416.1-2403 / MACS J0717.5+3745 / MACS J1149+2223	Abell 2744	Galaxy Cluster	Galaxy clusters targeted by Hubble's Frontier Fields
688	heic1319a	J1000+0221	J1000+0221	Gravitational Lens	The most distant gravitational lens yet discovered
689	potw1341a	NGC 3621	NGC 3621	Spiral Galaxy	A special spiral galaxy for over 200 000 Facebook fans
690	heic1318a	PGC 6240	of PGC 6240	Galaxy Portrait	Hubble image of PGC 6240
691	potw1336a	ESO 540-31	DDO 6	Galaxy Portrait	A flock of stars
696	heic1311a	NGC 2936 / NGC 2937 / Arp 142	of Arp 142	Galaxy Portrait	Hubble image of Arp 142
697	potw1324a	M 61	Messier 61 looks straight into the camera	Galaxy Portrait	Messier 61 looks straight into the camera
700	potw1320a	J125013.50+073441.5	J125013.50+073441.5	Galaxy Portrait	A swirl of star formation
701	potw1314a	NGC 2768	Dusty detail in elliptical galaxy NGC 2768	Elliptical Galaxy	Dusty detail in elliptical galaxy NGC 2768
703	potw1310a	II Zw 28, VV 790b	II Zw 28	Galaxy Portrait	One ring to rule them all
707	potw1304a	2MASX J09442693+0429569	2MASX J09442693+0429569	Galaxy Portrait	The moment the lights went out
708	potw1302a	Abell 3627 / ESO 137-002	Abell 3627	Galaxy Cluster	A busy patch of the Great Attractor
711	potw1252a	NGC 1097	NGC 1097	Galaxy Portrait	A wanderer dancing the dance of stars and space
712	potw1249a	ESO 318-13	ESO 318-13	Galaxy Portrait	Glitter galaxy — An edge-on view of the ESO 318-13 galaxy
713	heic1217c	MACS J0647.7+7015	MCS J0647.7+7015	Galaxy Cluster	Galaxy cluster MACS J0647.7+7015
715	opo0639a	1ES 0657-55.8, 1E 0657-556	1ES 0657-55.8	Galaxy Cluster	Visible-light and x-ray composite image of galaxy cluster 1E 0657-556
716	heic1216a	Abell 2261 / 2MASX J17222717+3207571	2MASX J17222717+3207571	Galaxy Cluster	Brightest galaxy in Abell 2261
719	potw1237a	NGC 7090	NGC 7090 — An actively star-forming galaxy	Galaxy Portrait	NGC 7090 — An actively star-forming galaxy
720	heic1213b	M 60 / NGC 4647 / NGC 4649 / Arp 116	2002 LM60	Galaxy Portrait	Ground-based image of Arp 116 and its surroundings
721	heic1213a	M 60 / NGC 4647 / NGC 4649 / Arp 116	of galaxy pair Arp 116	Galaxy Pair	Hubble image of galaxy pair Arp 116
722	potw1235a	NGC 5806	SN 2004dg	Supernova Host Galaxy	Spotting a supernova in NGC 5806
723	potw1233a	UGC 9240	DDO 190	Galaxy Portrait	A lonely galactic island
736	opo0509a	NGC 1427A	The impending destruction of NGC 1427A	Galaxy Portrait	The impending destruction of NGC 1427A
737	opo9842a	NGC 253 / IRAS 00450-2533	NGC 253 / IRAS 00450-2533	Galaxy Portrait	Behind a dusty veil lies a cradle of star birth
738	heic2213a	Abell 611	Abell 611	Galaxy Cluster	A Cosmic Cobweb
739	heic1419a	M 60	Artist’s concept of supermassive black hole within M60-UCD1	Active Galaxy	Artist’s concept of supermassive black hole within M60-UCD1
740	heic0810ap	NGC 6050 / IC 1179 / Arp 272	NGC 6050	Interacting Galaxies	NGC 6050
743	opo1802a	CL J0615-5746	SPT0615-JD	Galaxy Cluster	Stretched out image of distant galaxy
746	opo1036a	NGC 3982	Face-on spiral galaxy NGC 3982	Spiral Galaxy	Face-on spiral galaxy NGC 3982
749	heic1910b	NGC 4485 / NGC 4490	NGC 4485 / NGC 4490	Galaxy Portrait	Distant view of a galactic crash — NGC 4490 and NGC 4485 (ground-based image)
750	potw1747b	MACS J1206.2-0847	Galaxy cluster MACSJ1206	Galaxy Cluster	Galaxy cluster MACSJ1206
753	potw1006a	NGC 3810	NGC 3810 A -perfect spiral	Spiral Galaxy	NGC 3810: A picture-perfect spiral
754	heic0810aq	NGC 520 / Arp 157 / VV 231	VV 231	Interacting Galaxies	NGC 520
755	potw2240a	AM 0608-333	AM 0608-333	Interacting Galaxies	A Snapshot of Interacting Galaxies
757	heic1919a	ESO 285-19	Arp-Madore 2026-424	Galaxy Portrait	Arp-Madore 2026-424
758	heic1812a	ESO 325-G004	of ESO 325-G004	Galaxy Portrait	Image of ESO 325-G004
759	opo1545a	MACS J0416.1-2403	MACS J0416.1-2403	Christmas Tree Galaxy Cluster	Faint compact galaxy in the early Universe
762	opo1000a	NGC 1376	Spiral galaxy NGC 1376	Spiral Galaxy	Spiral galaxy NGC 1376
766	opo1812b	NGC 1015 / NGC 3972	NGC 3972 and NGC 1015	Galaxy Portrait	NGC 3972 and NGC 1015
767	opo1726a	MACS J2129-0741	MACS J2129-0741	Galaxy Cluster	Galaxy cluster MACS J2129-0741 and lensed galaxy MACS2129-1
768	heic1511a	REP: 3C radio-galaxy sample	REP: 3C radio-galaxy sample	Active Galaxy	Artist’s illustration of galaxy with jets from a supermassive black hole
772	heic1404b	ESO 137-001	and Chandra composite of ESO 137-001	Galaxy Portrait	Hubble and Chandra composite of ESO 137-001
773	heic2016b	MACS J1206.2-0847	MACS J1206.2-0847	Galaxy Cluster	Hubble Examines the Galaxy Cluster MACSJ 1206
774	opo1847b	NGC 3938	SN 2017ein	Supernova Host Galaxy	Astronomers find a supernova's progenitor star in Hubble images
775	heic1519b	SpARCS1049+56, SpARCS1049	SpARCS1049+56	Galaxy Portrait	Image of the central region of SpARCS1049
776	heic1418c	GOODS-N-774, GOODS North Field	GOODS-N-774	Galaxy Portrait	Section of Hubble GOODS North field
777	potw1017a	MACS J0717.5+3745	MACS J0717.5+3745	Galaxy Cluster	A snowstorm of distant galaxies
778	opo1024a	NGC 4911	Spiral galaxy NGC 4911 in the Coma cluster	Spiral Galaxy	Spiral galaxy NGC 4911 in the Coma cluster
779	heic1511b	3C 297 / 3C 356 / 3C 454.1	3C 297	Galaxy Portrait	Galaxies with relativistic jets
781	heic1425b	Fornax 1, Fornax 2, Fornax 3, Fornax 5	Fornax 1	Globular Cluster	Four globular clusters in Fornax — annotated
783	heic1416b	MACS J0416.1-2403	MACS J0416.1-2403	Christmas Tree Galaxy Cluster	Colour image of galaxy cluster MCS J0416.1–2403, annotated
784	heic1404a	ESO 137-001	New of spiral galaxy ESO 137-001	Spiral Galaxy	New Hubble image of spiral galaxy ESO 137-001
786	potw1002a	NGC 2082	The dusty beauty of NGC 2082	Galaxy Portrait	The dusty beauty of NGC 2082
789	heic1911b	ESO 495-21	of the sky around the galaxy ESO 495-21	Galaxy Portrait	Ground-based view of the sky around the galaxy ESO 495-21
793	opo1407b	Abell 1689	Abell 1689	Gravitational Lens Cluster	Galaxy cluster Abell 1689
794	opo1407a	Abell 1689	Abell 1689	Gravitational Lens Cluster	Galaxy cluster Abell 1689 and distant galaxies
798	opo1038b	NGC 4150	Elliptical galaxy NGC 4150	Lenticular Galaxy	Elliptical galaxy NGC 4150
799	heic2016c	MACS J1206.2-0847	MACS J1206.2-0847	Galaxy Cluster	Small-Scale Concentrations of Dark Matter (Artist’s Impression)
800	heic2002b	UGC 2885	Area Around UGC2885	Galaxy Portrait	Area Around UGC2885 (ground-based image)
801	heic1921e	GRB 190114C	GRB 190114C	Galaxy Portrait	Hubble Observation of the host galaxy of GRB 190114C
803	heic1519c	SpARCS1049+56	SpARCS1049+56	Galaxy Portrait	The area around SpARCS1049+56 (ground-based image)
805	heic1414b	SDSS J1531+3414	HGO2008]SDSS J1531+3414	Galaxy Portrait	Wide field image of the region around two merging galaxies in SDSS J1531+3414 (ground based telescope)
806	opo1405c	GN-z10-3	GN-z10-3	Galaxy Portrait	GN-z10-3 in the GOODS-N field
807	opo1405d	GN-z9-1	GN-z9-1	Galaxy Portrait	GN-z9-1 in the GOODS-N field
808	opo1405e	GN-z10-1	GN-z10-1	Galaxy Portrait	GN-z10-1 in the GOODS-N field
809	opo1405f	GN-z10-2	GN-z10-2	Galaxy Portrait	GN-z10-2 in the GOODS-N field
811	heic2609b	MXDFz4.4	Galaxy field of MXDFz4.4	Galaxy Portrait	Galaxy field of MXDFz4.4 (Hubble and Webb clean image)
812	potm2603b	IC 486	IC 486	Galaxy Portrait	IC 486 (wide-field view)
813	heic2605b	CDG-2	Dark galaxy CDG-2 near Perseus Cluster (annotated	Galaxy Portrait	Dark galaxy CDG-2 near Perseus Cluster (annotated)
815	potw2542b	NGC 3370	NGC 3370 (wide	Galaxy Portrait	NGC 3370 (wide view)
816	potw2537c	M 82	M82 and its smouldering heart (vertical collage	Galaxy Portrait	M82 and its smouldering heart (vertical collage)
817	potw2445b	NGC 1672	NGC 1672 collage	Spiral-Arm Stellar Nursery	NGC 1672 collage
818	potw2428b	NGC 3810	NGC 3810 with supernova	Supernova Host Galaxy	NGC 3810 with annotated supernova
819	potw2426b	NGC 5253	NGC 5253 (ACS/HRC	Galaxy Portrait	NGC 5253 (ACS/HRC)
820	opo2303a	MOO J1014+0038 / SPT-CL J2106-5844	MOO J1014+0038 / SPT-CL J2106-5844	Galaxy Portrait	Hubble Finds That Ghost Light Among Galaxies Stretches Far Back In Time
821	Galactic-Get-Together	ZW II 96	ZW II 96	Galaxy Portrait	Galactic Get-Together
823	potw2218a	M 99 / NGC 4254	Double in M99	Galaxy Portrait	Hubble Sees Double in M99
826	heic1803b	NGC 3344	of NGC 3344	Galaxy Portrait	Wide-field image of NGC 3344 (ground-based image)
828	potw1640a	NGC 247	The centre of NGC 247	Galaxy Portrait	The centre of NGC 247
832	potw1527a	2MASS J04542829-6625280	2MASS J04542829-6625280	Galaxy Portrait	Galaxy with a view
833	heic1511d	3C 454.1	3C 454.1	Radio Galaxy	Radio galaxy 3C 454.1
834	heic1511e	3C 356	3C 356	Radio Galaxy	Radio galaxy 3C 356
835	heic1511c	3C 279 / 3C 297	3C 279	Radio Galaxy	Radio galaxy 3C 297
843	heic1505c	MACS J1149+2223	MACS J1149+2223	Galaxy Cluster	Four supernova images in an Einstein cross
844	opo1448b	J0826+4305, J0944+0930, J1104+5946, J1359+5137, J1506+5402, J1506+6131, J1558+3957, J1613+2834, J1634+4619, J1713+2817, J2118+0017, J2140+1209	J0826+4305	Galaxy Portrait	Outflows from twelve merging galaxies
848	heic1311b	NGC 2936 / NGC 2937 / Arp 142	The area around merging galaxy duo Arp 142	Galaxy Portrait	The area around merging galaxy duo Arp 142 (ground-based image)
853	heic1419b	M 60 / NGC 4649	of Messier 60 and M60-UCD1	Galaxy Portrait	Hubble image of Messier 60 and M60-UCD1
855	opo9449c	M 100 / NGC 4321	The Spiral Galaxy M 100	Spiral Galaxy	The Spiral Galaxy M 100
856	potw2307a	SDSSCGB 10189	SDSSCGB 10189	Galaxy Portrait	Galactic Crash Course
859	heic1505d	MACS J1149+2223	MACS J1149+2223	Galaxy Cluster	Illustration showing gravitational lensing producing four supernova images
860	heic1403b	M 83	and Magellan composite of Messier 83	Southern Pinwheel Galaxy	Hubble and Magellan composite image of Messier 83
861	heic1006b	Messier 66	of Messier 66	Galaxy Portrait	Wide-field view of Messier 66 (ground-based image)
862	heic1004a	ESO 306-17	ACS of ESO 306-17	Galaxy Portrait	ACS image of ESO 306-17
863	opo1008b	HCG 31	HCG 31	Interacting Galaxy Group	Hubble's view of Hickson Compact Group 31
864	opo1008a	HCG 31	HCG 31	Interacting Galaxy Group	Hickson Compact Group 31: interacting galaxies glow with millions of young stars
865	heic0914b	NGC 4710	looks at sideways NGC 4710 (full	Galaxy Portrait	Hubble looks at sideways NGC 4710 (full)
870	opo0929c	M 83	M 83	Southern Pinwheel Galaxy	Ground-based image of M83 Taken at ESO in La Silla, Chile
871	heic0910b	Abell 370	Abell 370	Frontier Fields Cluster	Gravitational lensing in the galaxy cluster Abell 370
872	heic0906a	Arp 194	celebrates 19th anniversary with fountain of youth	Galaxy Portrait	Hubble celebrates 19th anniversary with fountain of youth
874	opo0838a	NGC 1569	Starburst galaxy NGC 1569	Starburst Galaxy	Starburst galaxy NGC 1569
875	heic0819c	NGC 300	NGC 300	Sculptor Pinwheel Galaxy	NGC 300
876	heic0819e	NGC 4163	NGC 4163	Dwarf Irregular Galaxy	NGC 4163
877	heic0819f	NGC 300	NGC 300 Detail 1	Sculptor Pinwheel Galaxy	NGC 300 Detail 1
878	heic0819b	NGC 253	NGC 253	Sculptor Galaxy	NGC 253
879	heic0819h	NGC 300	NGC 300 Detail 3	Sculptor Pinwheel Galaxy	NGC 300 Detail 3
880	heic0819d	NGC 3077	NGC 3077	Dwarf Irregular Galaxy	NGC 3077
881	heic0819g	NGC 300	NGC 300 Detail 2	Sculptor Pinwheel Galaxy	NGC 300 Detail 2
882	opo0833a	LEDA 198197 / 2MASX J00482185-2507365	2MASX J00482185-2507365	Galaxy Silhouettes	Galaxy Silhouettes
883	heic0814e	Abell 2218	Abell 2218	Galaxy Cluster	Abell 2218_z1 in detail
884	heic0813a	Abell 1656	Abell 1656	Galaxy Cluster	The Coma Galaxy Cluster as seen by Hubble
885	heic0810ag	Arp 256	Arp 256	Interacting Galaxies	Arp 256
886	heic0810al	UGC 8335	UGC 8335	Interacting Galaxies	UGC 8335
887	heic0810bv	ESO 119-27	AM 0500-620	Interacting Galaxies	AM 0500-620
888	heic0810bi	ESO 507-70	ESO 507-70	Interacting Galaxies	ESO 507-70
889	heic0810af	UGC 9618 / Arp 302	UGC 9618	Interacting Galaxies	UGC 9618
890	heic0810bp	NGC 7674 / Arp 182	NGC 7674	Interacting Galaxies	NGC 7674
891	heic0810ca	IC 4687	IC 4687	Interacting Galaxies	IC 4687
892	heic0810bj	IC 2545	IC 2545	Interacting Galaxies	IC 2545
893	heic0810aw	ESO 99-4	ESO 99-4	Interacting Galaxies	ESO 99-4
894	heic0810cj	ESO 286-19	ESO 286-19	Interacting Galaxies	ESO 286-19
895	heic0810bb	IC 1623 / VV 114	VV 114	Interacting Galaxies	IC 1623
896	heic0810an	NGC 17	NGC 17	Interacting Galaxies	NGC 17
897	heic0810ah	NGC 6670	NGC 6670	Interacting Galaxies	NGC 6670
898	heic0810ce	IC 2810	IC 2810	Interacting Galaxies	IC 2810
899	heic0810ax	NGC 1614	NGC 1614	Interacting Galaxies	NGC 1614
900	heic0810ay	NGC 6090	NGC 6090	Interacting Galaxies	NGC 6090
901	heic0810bc	ESO 239-2 / ESO 239-IG002	ESO 239-IG002	Interacting Galaxies	ESO 239-IG002
902	heic0810ar	NGC 3256 / VV 65	VV 65	Interacting Galaxies	NGC 3256
903	heic0810au	IC 883 / Arp 193	IC 883	Interacting Galaxies	IC 883
904	heic0810bf	IC 1127 / Arp 220	Arp 220	Interacting Galaxies	Arp 220
905	heic0810by	UGC 12812	UGC 12812	Interacting Galaxies	UGC 12812
906	heic0810bl	LEDA 17588 / MCG +08-11-002	MCG+08-11-002	Interacting Galaxies	MCG+08-11-002
907	heic0810bh	ESO 148-2	ESO 148-2	Interacting Galaxies	ESO 148-2
908	heic0810bg	LEDA 4798 / CGCG 436-030 / IRAS 01173+1405	CGCG436-030	Interacting Galaxies	CGCG436-030
909	heic0810ba	UGC 8058 / Mrk 231	UGC 8058	Interacting Galaxies	UGC 8058
910	heic0810az	IC 5298	IC 5298	Interacting Galaxies	IC 5298
911	heic0810av	UGC 8696 / Mrk 273	Markarian 273	Interacting Galaxies	Markarian 273
912	heic0810at	NGC 5257 / NGC 5258 / Arp 240	NGC 5257, NGC 5258	Interacting Galaxies	NGC 5257, NGC 5258
913	heic0810ci	NGC 695	NGC 695	Interacting Galaxies	NGC 695
914	heic0810ch	LEDA 33083 / IRAS 10566+2448	IRAS F10565+2448	Interacting Galaxies	IRAS F10565+2448
915	heic0810ck	ESO 550-IG025	ESO 550-IG025	Interacting Galaxies	ESO 550-IG025
916	heic0810ao	ESO 77-14	ESO 77-14	Interacting Galaxies	ESO 77-14
917	heic0810ai	NGC 6240	NGC 6240	Tangled Merger Galaxy	NGC 6240
918	heic0810cg	AM 0702-601	AM 0702-601	Interacting Galaxies	AM 0702-601
919	heic0810aj	ESO 593-8	ESO 593-8	Interacting Galaxies	ESO 593-8
920	heic0810cd	NGC 7469 / Arp 298 / Mrk 1514	NGC 7469	Interacting Galaxies	NGC 7469
921	heic0810cb	LEDA 90367 / IRAS 20351+2521	IRAS 20351+2521	Interacting Galaxies	IRAS 20351+2521
922	heic0810bx	IRAS 18090+0130	IRAS 18090+0130	Interacting Galaxies	IRAS 18090+0130
923	heic0810bm	LEDA 3183 / MCG +12-02-001	MCG+12-02-001	Interacting Galaxies	MCG+12-02-001
924	heic0810bz	ESO 69-6	ESO 69-6	Interacting Galaxies	ESO 69-6
925	heic0810bq	UGC 4881 / Arp 55 / VV 155	VV 155	Interacting Galaxies	UGC 4881
926	heic0810bn	NGC 5256	NGC 5256	Interacting Galaxies	NGC 5256
927	heic0810bk	LEDA 65779 / IRAS 20550+1656	ZW II 96	Interacting Galaxies	ZW II 96
928	heic0810bw	VV 705 / Mrk 848	Markarian 848	Interacting Galaxies	VV 705
929	heic0810br	UGC 5101	UGC 5101	Interacting Galaxies	UGC 5101
930	heic0810bs	MCG +01-33-036 / VV 283	VV 283	Interacting Galaxies	VV 283
931	heic0810ak	NGC 454	NGC 454	Interacting Galaxies	NGC 454
932	heic0810as	NGC 3690 / IC 694 / Arp 299	NGC 3690	Interacting Galaxies	NGC 3690
933	heic0810bo	NGC 5331	NGC 5331	Interacting Galaxies	NGC 5331
934	heic0810bu	ESO 508-45	AM1316-241	Interacting Galaxies	AM1316-241
935	heic0810be	2MASX J09133888-1019196	2MASX J09133888-1019196	Interacting Galaxies	2MASXJ09133888-1019196
936	heic0810bt	NGC 5754	NGC 5754	Interacting Galaxies	NGC 5754
937	heic0810am	NGC 6786	NGC 6786	Interacting Galaxies	NGC 6786
938	heic0810cf	LEDA 90383 / IRAS 21101+5810	IRAS 21101+5810	Interacting Galaxies	IRAS 21101+5810
939	heic0810cc	ESO 255-7	ESO 255-7	Interacting Galaxies	ESO 255-7
940	heic0810bd	NGC 6621 / NGC 6622 / Arp 81	NGC 6621, NGC 6622	Interacting Galaxies	NGC 6621, NGC 6622
942	opo0737a	3C 321	3C 321	Ring Galaxy	"Death star" galaxy black hole fires at neighboring galaxy
943	heic0716a	I Zw 18	I Zw 18	Galaxy Portrait	Hubble Finds Mature Galaxy Masquerading as Toddler
944	heic0716b	I Zw 18	I Zw 18	Galaxy Portrait	Youthful-looking galaxy may be an adult
945	heic0709a	ZwCl0024+1652, ZwCl 0024+1652	ZwCl0024+1652	Galaxy Cluster	Dark matter ring in galaxy cluster Cl 0024+17 (ZwCl 0024+1652)
946	heic0705a	Abell 2667	Abell 2667	Galaxy Cluster	The "Comet Galaxy" as seen with Hubble
949	opo0413c	NGC 300 / IRAS 00525-3757	NGC 300 / IRAS 00525-3757	Galaxy Portrait	Hubble sees stars as numerous as grains of sand in nearby galaxy
952	heic0311a	NGC 3982	Galaxy NGC 3982	Spiral Galaxy	Galaxy NGC 3982
953	opo0324b	NGC 3370 / IRAS 10444+1732	Full ACS of NGC 3370	Supernova Host Galaxy	Full ACS Image of NGC 3370
954	opo0223a	NGC 4319 / Mrk 205	QSO B1219+7535	Odd Couple	Odd Couple Widely Separated by Time and Space
956	heic0208a	NGC 4365	NGC 4365	Elliptical Galaxy	Elliptical galaxy NGC 4365 with numerous young star clusters
960	opo0126a	NGC 3310 / IRAS 10356+5345	Baby Boom in Galaxy NGC 3310	Starburst Galaxy	Baby Boom in Galaxy NGC 3310
962	heic0106a	NGC 1512 / IRAS 04022-4329	NGC 1512 / IRAS 04022-4329	Barred Spiral Galaxy	Panel of multi-wavelength and composite images of NGC 1512
963	heic0106j	NGC 1512 / IRAS 04022-4329	Wide of NGC 1512	Barred Spiral Galaxy	Wide view of NGC 1512
965	heic0102a	NGC 2903 / IRAS 09293+2143	Bar in spiral galaxy NGC 2903 (WFPC2	Barred Spiral Galaxy	Bar in spiral galaxy NGC 2903 (WFPC2)
967	opo9931a	HCG 87	HCG 87	Compact Galaxy Group	A Minuet of Galaxies
968	opo9906a	NGC 1316	Fornax A	Galaxy Portrait	Hubble Finds More Evidence of Galactic Cannibalism
971	opo9812b	NGC 1808 / IRAS 05059-3734	Starburst Galaxy NGC 1808	Starburst Galaxy	Starburst Galaxy NGC 1808
972	opo9621a1	NGC 1365	Galaxy NGC 1365	Galaxy Portrait	Galaxy NGC 1365
973	opo9610a	0024+1654	0024+1654	Gravitational Lens	Galaxy Cluster 0024+1654 as a Gravitational Lens
975	opo9510c	NGC 253	NGC 253	Sculptor Galaxy	NGC 253
977	opo9402b	M 100 / NGC 4321	M100 Full Field	Galaxy Portrait	M100 Full Field
979	heic1811b	NGC 3256	of NGC 3256	Galaxy Portrait	Wide-field image of NGC 3256 (ground-based image)
980	heic1111c	Abell 2744	Abell 2744	Galaxy Cluster	Hubble view of Abell 2744 — Pandora’s Cluster
984	heic9910b	Abell 2218	Abell 2218	Galaxy Cluster	Galaxy Cluster Abell 2218 - a Cosmic Magnifying Glass
985	heic1913c	NGC 3147	Galaxy NGC 3147	Galaxy Portrait	Galaxy NGC 3147
986	potw1850b	M 100	Messier 100 improvements of	Grand Design Spiral	Messier 100 shows improvements of Hubble
987	opo1448m	J2118+0017	J2118+0017	Galaxy Portrait	Outflows from merging galaxy J2118+0017
988	opo1448c	J0826+4305	J0826+4305	Galaxy Portrait	Outflows from merging galaxy J0826+4305
989	heic1418b	GOODS-N-774, GOODS North Field	GOODS-N-774	Galaxy Portrait	Distant galaxy core in the Hubble GOODS North field
991	potw2444b	NGC 4414	Supernovae in NGC 4414	Supernova Host Galaxy	Supernovae in NGC 4414
992	heic2201b	NGC 2444 / Arp 143	of Arp 143	Galaxy Portrait	Wide-Field View of Arp 143
998	heic1516b	PGC 42871 / ESO 381-12	The area around ESO 381-12	Galaxy Portrait	The area around ESO 381-12 (ground-based image)
999	heic1425g	Fornax 1, Fornax 2, Fornax 3, Fornax 5	Fornax 1	Globular Cluster	Fornax galaxy with four globular clusters marked
1000	opo1448d	J0944+0930	J0944+0930	Galaxy Portrait	Outflows from merging galaxy J0944+0930
1001	opo1448e	J1104+5946	J1104+5946	Galaxy Portrait	Outflows from merging galaxy J1104+5946
1003	heic1409c	Abell 383	Abell 383	Galaxy Cluster	Cosmic lens Abell 383 helps Hubble to find a distant supernova (annotated)
1004	heic1816c	Abell 370	Abell 370	Frontier Fields Cluster	Comparison between Frontier Fields and BUFFALO
1005	heic1621b	NGC 4696	of NGC 4696	Galaxy Portrait	Wide-field image of NGC 4696 (ground-based image)
1006	opo1448i	J1558+3957	J1558+3957	Galaxy Portrait	Outflows from merging galaxy J1558+3957
1007	opo1448k	J1634+4619	J1634+4619	Galaxy Portrait	Outflows from merging galaxy J1634+4619
1011	opo1038c	NGC 4150	Core of elliptical galaxy NGC 4150	Lenticular Galaxy	Core of elliptical galaxy NGC 4150
1013	heic0113c	Abell 2218	Abell 2218	Galaxy Cluster	The galaxy cluster Abell 2218
1014	heic1709d	NGC 4298 / NGC 4302	of NGC 4298 and NGC 4302	Galaxy Portrait	Annotated wide-field image of NGC 4298 and NGC 4302 (ground-based image)
1015	potw1621a	MACS J1149.5+2223	MACS J1149.5+2223	Galaxy Cluster	A galactic gathering
1016	ann1526a	MACS J1149+2223	MACS J1149+2223	Galaxy Cluster	Appearance of the the Refsdal supernova
1019	opo1519a	NGC 3862 / 3C 264	3C 264	Active Galaxy	Active Galaxy 3C 264 (NGC 3862)
1020	opo1448g	J1506+5402	J1506+5402	Galaxy Portrait	Outflows from merging galaxy J1506+5402
1021	opo1448n	J2140+1209	J2140+1209	Galaxy Portrait	Outflows from merging galaxy J2140+1209
1022	heic1418d	GOODS-N-774, GOODS North Field	GOODS-N-774	Galaxy Portrait	Inset view of distant galaxy GOODS-N-774
1027	heic1812c	ESO 325-G004	ESO 325-G004	Galaxy Portrait	Two methods of measuring the mass of a galaxy
1028	heic1807d	MACS J1149+2223	MACS J1149+2223	Galaxy Cluster	Third image of galaxy hosting most distant known star
1029	heic1425h	Fornax Dwarf Spheroidal	Fornax Dwarf Spheroidal (Galaxy	Dwarf Spheroidal Galaxy	Fornax dwarf galaxy
1030	opo1448j	J1613+2834	J1613+2834	Galaxy Portrait	Outflows from merging galaxy J1613+2834
1031	opo1448h	J1506+6131	J1506+6131	Galaxy Portrait	Outflows from merging galaxy J1506+6131
1032	opo1448f	J1359+5137	J1359+5137	Galaxy Portrait	Outflows from merging galaxy J1359+5137
1033	opo1448l	J1713+2817	J1713+2817	Galaxy Portrait	Outflows from merging galaxy J1713+2817
1036	opo1602a	J1426.5+3508	IDCS J1426.5+3508	Galaxy Cluster	Galaxy cluster IDCS J1426
1038	ann1121a	Mrk 509	Active galaxy Markarian 509	Active Galaxy	Active galaxy Markarian 509
1039	opo9812c	NGC 1808 / IRAS 05059-3734	Starburst Galaxy NGC 1808	Starburst Galaxy	Starburst Galaxy NGC 1808
1040	heic2609c	MXDFz4.4	Galaxy MXDFz4.4 ( and Webb compass	Galaxy Portrait	Galaxy MXDFz4.4 (Hubble and Webb compass image)
1043	potw2445c	NGC 1672	NGC 1672 (without SN	Spiral-Arm Stellar Nursery	NGC 1672 (without SN)
1044	heic2414b	NGC 2207 / IC 2163	Galaxies IC 2163 and NGC 2207	Interacting Spiral Pair	Galaxies IC 2163 and NGC 2207 (Webb MIRI image)
1045	heic2411b	M 87	M87	Virgo A	M87
1047	potw2216b	VV 689	VV689	Galaxy Portrait	Hubble Inspects a Set of Galactic Wings
1049	heic1615a	Abell S1063	Abell S1063	Galaxy Cluster	Hubble image of Abell S1063
1053	opo1519b	3C 264	3C 264	Galaxy Portrait	Compass and Scale Image of 3C 264
1054	heic1503b	NGC 7714 / Arp 284	of NGC 7714	Galaxy Portrait	Wide-field image of NGC 7714 (ground-based image)
1055	opo1438c	M 81	SN 1993J	Bode's Galaxy	Supernova 1993J in spiral galaxy M81
1060	heic0910c	Abell 370	Abell 370	Frontier Fields Cluster	4-panel Abell 370
1061	opo9734y	NGC 7252 / IRAS 22179-2455	HST/WFPC2 of galaxy NGC 7252	Galaxy Portrait	HST/WFPC2 image of galaxy NGC 7252
1063	opo9734x	NGC 3921 / IRAS 11484+5521	HST/WFPC2 of galaxy NGC 3921	Galaxy Portrait	HST/WFPC2 image of galaxy NGC 3921
1064	heic2605c	CDG-2	Dark galaxy CDG-2 near Perseus Cluster	Galaxy Portrait	Dark galaxy CDG-2 near Perseus Cluster (annotated compass image)
1065	heic2414c	NGC 2207 / IC 2163	NGC 2207 / IC 2163	Interacting Spiral Pair	Galaxies IC 2163 and NGC 2207 (Hubble and Webb Images side-by-side)
1066	heic2414d	NGC 2207 / IC 2163	Galaxies IC 2163 and NGC 2207 (Webb and	Interacting Spiral Pair	Galaxies IC 2163 and NGC 2207 (Webb and Hubble annotated)
1067	heic2213b	Abell 611	Abell 611	Galaxy Cluster	Wide-Field View Abell 611
1068	heic2106a	NGC 2276	Captures NGC 2276	Galaxy Portrait	Hubble Captures NGC 2276
1074	heic1901e	M 33	M 33	Galaxy Portrait	Wide-field view of the Triangulum Galaxy showing the extent of the survey
1075	potw1639a	NGC 24	The hidden dark side of NGC 24	Galaxy Portrait	The hidden dark side of NGC 24
1077	opo0929a	M 83	Showcases Star Birth in M83, the Southern Pinwheel	Southern Pinwheel Galaxy	Hubble Image Showcases Star Birth in M83, the Southern Pinwheel
1083	heic1514b	NGC 833 / NGC 835 / NGC 838 / NGC 839 / HCG 16	HCG 16	Galaxy Portrait	Wide-field view of galaxy group HCG 16 (ground-based view)
1085	heic0207d	NGC 4013 / IRAS 11559+4413	NGC 4013 / IRAS 11559+4413	Galaxy Portrait	NICMOS finds a golden ring at the heart of a galaxy
1086	potw1618a	NGC 4394	NGC 4394	Galaxy Portrait	Hubble spies NGC 4394
1087	heic1215c	MACS J0717.5+3745	MACS J0717.5+3745	Galaxy Cluster	The geometry of MACS J0717
1089	potw2235c	M 74	Multi-Observatory Views of M74	Galaxy Portrait	Multi-Observatory Views of M74
1091	potw1610a	Abell 2744	Abell 2744	Galaxy Cluster	Swimming in Sculptor
1094	heic1419e	M 60 / Arp 116	of Arp 116	Galaxy Portrait	Hubble image of Arp 116 (annotated)
1095	heic1419c	M 60	Ultracompact dwarf galaxy M60-UCD1 as viewed by	Dwarf Galaxy	Ultracompact dwarf galaxy M60-UCD1 as viewed by Hubble
1096	opo1433b	IRC 0218	IRC 0218	Gravitational Lens	Gravitational lensing by galaxy in cluster IRC 0218
1101	potw1016a	ESO 350-38	Haro 11	Galaxy Portrait	Frenzied star birth in Haro 11
1102	heic0211b	GRO J1655-40	GRO J1655-40	Active Galaxy	Black hole hurtling across the plane of the Milky Way
1103	heic2106b	NGC 2276	of NGC 2276	Galaxy Portrait	Wide-Field View of NGC 2276
1104	heic1615c	Abell S1063	Abell S1063	Galaxy Cluster	Wide-field image of Abell S1063 (ground-based image)
1108	opo0301a	Abell 1689	Abell 1689	Gravitational Lens Cluster	Hubble Looks Through Cosmic Zoom Lens
1110	heic1706a	3C 186	3C186	Active Galaxy	Galaxy with an ejected supermassive black hole
1114	ann1119a	HUDF	HUDF/GOODS Galaxies from the CANDELS Survey	Active Galaxy	Even low-mass galaxies can harbour supermassive black holes
1117	potw1004a	HCG 59	HCG 59	Galaxy Portrait	A clump of galaxy misfits
1120	ann1301a	M 106	of M 106	Galaxy Portrait	Hubble view of M 106
1121	jwst_simulation_halfsize	N/A	James Webb Space Telescope	Galaxy Portrait	Simulation of JWST performance
1124	heic0912b	NGC 2623	of the region around NGC 2623	Galaxy Portrait	Wide-field view of the region around NGC 2623 (ground-based image)
1125	heic0911g	NGC 4402	Composite NGC 4402 within its home cluster	Star Cluster	Composite image showing NGC 4402 within its home cluster
1126	heic0911a	NGC 4402 / NGC 4522	NGC 4402 / NGC 4522	Galaxy Portrait	Ram pressure stripping galaxies NGC 4522 and NGC 4402
1127	heic0911f	NGC 4402	Digitized Sky Survey of NGC 4402	Galaxy Portrait	Digitized Sky Survey Image of NGC 4402 (ground-based image)
1128	heic0911e	NGC 4522	Composite NGC 4522 within its home cluster	Star Cluster	Composite image showing NGC 4522 within its home cluster
1129	opo0908f	NGC 3021	NGC 3021 NICMOS/ACS detail 4	Galaxy Portrait	NGC 3021 NICMOS/ACS detail 4
1130	opo0908e	NGC 3021	NGC 3021 NICMOS/ACS detail 3	Galaxy Portrait	NGC 3021 NICMOS/ACS detail 3
1131	opo0908c	NGC 3021	NGC 3021 NICMOS/ACS detail 1	Galaxy Portrait	NGC 3021 NICMOS/ACS detail 1
1132	opo0908d	NGC 3021	NGC 3021 NICMOS/ACS detail 2	Galaxy Portrait	NGC 3021 NICMOS/ACS detail 2
1133	opo0919d	IC 4662	ACS of IC 4662	Galaxy Portrait	Hubble ACS image of IC 4662
1135	opo0919b	NGC 4163	ACS of NGC 4163	Dwarf Irregular Galaxy	Hubble ACS image of NGC 4163
1136	opo0919a	NGC 4068 / NGC 4163 / IC 4662	NGC 4068 / NGC 4163 / IC 4662	Dwarf Galaxy	Hubble spies a frenzy of star birth in dwarf galaxies (montage)
1137	opo0919c	NGC 4068	ACS of NGC 4068	Galaxy Portrait	Hubble ACS image of NGC 4068
1139	heic0903b	J031931.7+4131	CGW2003] J031931.7+4131	Dwarf Galaxy	Perseus dwarf galaxy
1140	heic0903c	J031910.4+4129	CGW2003] J031910.4+4129	Dwarf Galaxy	Perseus Dwarf Galaxy
1141	heic0903d	J031900.4+4129	CGW2003] J031900.4+4129	Dwarf Galaxy	Perseus Dwarf Galaxy [CGW2003] J031900.4+4129
1142	heic0903e	J031905.2+4134	CGW2003] J031905.2+4134	Dwarf Galaxy	Perseus Dwarf Galaxy
1152	heic0901c	Abell 1656	Abell 1656	Galaxy Cluster	Wide-field view of the Coma Galaxy Cluster (ground-based image)
1156	heic0815b	NGC 4660	NGC 4660 in the Virgo cluster of galaxies	Galaxy Cluster	NGC 4660 in the Virgo cluster of galaxies
1157	heic0815c	NGC 4458	NGC 4458 in the Virgo cluster of galaxies	Galaxy Cluster	NGC 4458 in the Virgo cluster of galaxies
1158	heic0815j	M 87 / NGC 4486	Radio/X-ray/Optical of M87	Galaxy Portrait	Radio/X-ray/Optical Image of M87
1159	heic0815e	VCC 1993	VCC 1993	Galaxy Cluster	VCC 1993 in the Virgo cluster of galaxies
1161	heic0815d	IC 3506	IC 3506 in the Virgo cluster of galaxies	Galaxy Cluster	IC 3506 in the Virgo cluster of galaxies
1165	opo0829d	COSMOS 1161898	COSMOS 1161898	Barred Spiral Galaxy	COSMOS Barred Spiral Galaxy 1161898
1166	opo0829c	COSMOS 1705033	COSMOS 1705033	Barred Spiral Galaxy	COSMOS Barred Spiral Galaxy 1705033
1167	opo0829e	COSMOS 2607238	COSMOS 2607238	Barred Spiral Galaxy	COSMOS Barred Spiral Galaxy 2607238
1168	opo0829b	COSMOS 3127341	COSMOS 3127341	Barred Spiral Galaxy	COSMOS Barred Spiral Galaxy 3127341
1169	opo0829a	COSMOS 1161898 , COSMOS 1705033 , COSMOS 2607238 , COSMOS 3127341	COSMOS 1161898	Barred Spiral Galaxy	Hubble Surveys Barred Spiral Galaxies
1175	heic0811a	1030-1813, 1030-2559, 1256-0, 1256-142, 1256-1967, ECDFS-11490, ECDFS-5856, HDFS1-1849, HDFS2-2046	1030-1813	Galaxy Portrait	Hubble studies compact galaxies loaded with stars
1176	heic0808b	NGC 2397	Supernova in NGC 2397	Supernova Host Galaxy	Supernova in NGC 2397
1178	heic0805h	Abell 1689	A1689-zD1	Gravitational Lens Cluster	Wide-field image of the Virgo constellation (ground-based image)
1179	heic0805b	Abell 1689	Abell 1689	Gravitational Lens Cluster	A Young Galaxy Brimming with Star Birth (artist's impression)
1180	heic0805a	Abell 1689	A1689-zD1	Gravitational Lens Cluster	Hubble Uncovers One of the Youngest and Brightest Galaxies in the Early Universe
1181	heic0804b	NGC 1132	NGC 1132 in visible and X-Ray	Fossil Group Giant	NGC 1132 in visible and X-Ray
1182	heic0804c	NGC 1132	of NGC 1132	Fossil Group Giant	Annotated Hubble image of NGC 1132
1185	heic0717b	Arp 87	Arp 87 from the DSS	Galaxy Portrait	Arp 87 from the DSS (ground-based image)
1200	heic0705b	Abell 2667	Abell 2667	Galaxy Cluster	Infrared image of the galaxy Abell 2667
1201	opo0705a	NGC 1313	Stellar "Infant Mortality" in Spiral Galaxy NGC 1313	Spiral Galaxy	Stellar "Infant Mortality" in Spiral Galaxy NGC 1313
1202	opo0705b	NGC 1313	Barred Spiral Galaxy NGC 1313 - VLT	Barred Spiral Galaxy	Barred Spiral Galaxy NGC 1313 - VLT
1203	opo0705c	NGC 1313	Barred Spiral Galaxy NGC 1313 - HST	Barred Spiral Galaxy	Barred Spiral Galaxy NGC 1313 - HST
1204	heic0614b	LEDA 2826829	MRC 1138-262	Galaxy Portrait	The Spiderweb Galaxy and its surroundings [full ACS view]
1205	heic0614a	LEDA 2826829	MRC 1138-262	Galaxy Portrait	Flies in a spider's web: Galaxy caught in the making
1208	opo0620a	GRB000926, GRB020903, GRB030329, GRB980703, GRB990705, GRB990712	GRB000926	Galaxy Portrait	The Host Galaxies of Gamma-ray Bursts
1219	opo0435a	I Zw 18	I Zw 18	Galaxy Portrait	I Zwicky 18: A Baby Galaxy in a Grown-Up Universe
1221	opo0425a	NGC 3949	Images Cousin of the Milky Way	Galaxy Portrait	Hubble Images Majestic Cousin of the Milky Way
1223	opo0413a	NGC 300 / IRAS 00525-3757	NGC 300 / IRAS 00525-3757	Galaxy Portrait	Hubble sees stars as numerous as grains of sand in nearby galaxy
1226	heic0401d	NGC 3031	Messier 81 spiral arm ˜	Spiral Galaxy	Messier 81 spiral arm (WFPC2 image) ˜
1227	heic0401f	NGC 3031 / NGC 3034	The dynamic duo, Messier 81 and 82	Galaxy Portrait	The dynamic duo, Messier 81 and 82 (ground-based)
1228	heic0401c	NGC 3031	SN 1993J	Supernova Host Galaxy	Close-up of the Supernova 1993J explosion site (ACS/HRC image)
1229	heic0401e	NGC 3031	Grand Spiral Messier 81	Spiral Galaxy	Grand Spiral Messier 81 (ground-based)
1230	heic0401b	NGC 3031	SN 1993J	Supernova Host Galaxy	The site of the Supernova 1993J explosion (composite)
1231	opo0402h	Abell 2125	Abell 2125	Galaxy Cluster	Artist's View of C153 in Abell 2125
1232	opo0402c	Abell 2125	Abell 2125	Galaxy Cluster	Galaxy C153 in Cluster Abell 2125 in Visible (HST)
1233	heic0313a	RDCS1252.9-2927, TNJ1338-1942	RDCS1252.9-2927	Star Cluster	A tale of two record-breaking clusters
1234	heic0313d	RDCS1252.9-2927	RDCS1252.9-2927	Star Cluster	The cluster RDCS1252.9-2927 (overview)
1235	heic0313b	RDCS1252.9-2927	RDCS1252.9-2927	Star Cluster	The cluster RDCS1252.9-2927 (detail)
1236	heic0313c	TNJ1338-1942	TNJ1338-1942	Star Cluster	The cluster TNJ1338-1942 (overview)
1239	heic0309a	ClG 0024+1654	ClG 0024+1654	Galaxy Portrait	Unique Mass Map
1240	heic0309d	ClG 0024+1654	ClG 0024+1654	Galaxy Cluster	Sky around galaxy cluster CL0024+1654 (ground-based image)
1254	opo0301b	Abell 1689	Abell 1689	Gravitational Lens Cluster	Hubble Looks Through Cosmic Zoom Lens (6 cropped images)
1255	opo0301d	Abell 1689	Abell 1689	Gravitational Lens Cluster	Galaxy Cluster Abell 1689 Details
1256	opo0301c	Abell 1689	Abell 1689	Gravitational Lens Cluster	Galaxy Cluster Abell 1689 Details
1257	opo0301h	Abell 1689	Abell 1689	Gravitational Lens Cluster	Galaxy Cluster Abell 1689 Details
1258	opo0301f	Abell 1689	Abell 1689	Gravitational Lens Cluster	Galaxy Cluster Abell 1689 Details
1259	opo0301g	Abell 1689	Abell 1689	Gravitational Lens Cluster	Galaxy Cluster Abell 1689 Details
1260	opo0301e	Abell 1689	Abell 1689	Gravitational Lens Cluster	Galaxy Cluster Abell 1689 Details
1261	heic0207g	NGC 4013 / IRAS 11559+4413	NGC 4013 / IRAS 11559+4413	Galaxy Portrait	NICMOS finds a golden ring at the heart of a galaxy (NICMOS image)
1262	heic0207e	NGC 4013 / IRAS 11559+4413	NGC 4013 / IRAS 11559+4413	Galaxy Portrait	NICMOS finds a golden ring at the heart of a galaxy (WFPC2 image)
1263	heic0207f	NGC 4013 / IRAS 11559+4413	NGC 4013 / IRAS 11559+4413	Galaxy Portrait	NICMOS finds a golden ring at the heart of a galaxy (NICMOS image)
1264	heic0205a	NGC 7673	Hyperactive galaxy NGC 7673	Active Galaxy	Hyperactive galaxy NGC 7673
1265	heic0113a	Abell 2218	Abell 2218	Galaxy Cluster	Hubble and Keck discover galaxy building block
1266	heic0113b	Abell 2218	Abell 2218	Galaxy Cluster	Hubble and Keck's newly discovered galaxy 'building block'
1270	heic0106g	NGC 1512 / IRAS 04022-4329	Individual colour images - 5 (WFPC2, 827 nm	Barred Spiral Galaxy	Individual colour images - 5 (WFPC2, 827 nm)
1271	heic0106h	NGC 1512 / IRAS 04022-4329	Individual colour images - 6 (NICMOS, 1600nm	Barred Spiral Galaxy	Individual colour images - 6 (NICMOS, 1600nm)
1272	heic0106e	NGC 1512 / IRAS 04022-4329	Individual colour images - 3 (WFPC2, 545 nm	Barred Spiral Galaxy	Individual colour images - 3 (WFPC2, 545 nm)
1273	heic0106f	NGC 1512 / IRAS 04022-4329	Individual colour images - 4 (WFPC2, 659 nm	Barred Spiral Galaxy	Individual colour images - 4 (WFPC2, 659 nm)
1274	heic0106c	NGC 1512 / IRAS 04022-4329	Individual colour images - 1 (FOC, 220 nm	Barred Spiral Galaxy	Individual colour images - 1 (FOC, 220 nm)
1275	heic0106i	NGC 1512 / IRAS 04022-4329	Individual colour images - 7 (NICMOS, 1870 nm	Barred Spiral Galaxy	Individual colour images - 7 (NICMOS, 1870 nm)
1276	heic0106d	NGC 1512 / IRAS 04022-4329	Individual colour images - 2 (WFPC2, 338 nm	Barred Spiral Galaxy	Individual colour images - 2 (WFPC2, 338 nm)
1277	opo0109b	SN 1997FF	SN 1997FF	Supernova Host Galaxy	Farthest Supernova Ever - SN 1997ff
1280	opo0104d	UGC 06471 / UGC 06472	Merging Galaxies UGC06471 and UGC06472	Galaxy Portrait	Merging Galaxies UGC06471 and UGC06472
1281	opo0104c	ESO 0418-008 / IRAS 03294-3022	Spiral Galaxy ESO 0418-008	Spiral Galaxy	Spiral Galaxy ESO 0418-008
1283	heic0005b	Abell 1835	Abell 1835	Galaxy Cluster	Galaxy Cluster Abell 1835
1284	heic0003b	ESO 184-G82	ESO 184- 82	Galaxy Portrait	First close look at gamma-ray burst host galaxy ESO 184-G82
1285	opo0021a	NGC 4438 / IRAS 12252+1317	Active Galaxy NGC 4438	Active Galaxy	Active Galaxy NGC 4438
1286	heic0002b	NGC 4450	NGC 4450	Active Galaxy	The Galaxy NGC 4450 is Host to a Supermassive Black Hole
1289	heic9902c	NGC 5689 / NGC 5838 / NGC 5965 / NGC 7537	NGC 5689	Galaxy Portrait	Starry Bulges Yield Secrets to Galaxy Growth (Hubble and Ground-Based View)
1291	opo9928b	MS1054-03	Galaxy Cluster MS1054-03	Galaxy Cluster	Galaxy Cluster MS1054-03
1292	opo9919b	NGC 4603	Full WFPC2 Field NGC 4603	Galaxy Portrait	Full WFPC2 Field NGC 4603
1294	opo9821f	NGC 4314 / IRAS 12200+3010	Galaxy NGC 4314 ( WFPC2	Barred Spiral Galaxy	Galaxy NGC 4314 (Hubble WFPC2 Mosaic)
1295	opo9821a	NGC 4314 / IRAS 12200+3010	Galaxy NGC 4314	Barred Spiral Galaxy	Galaxy NGC 4314
1304	opo9725b	ZwCl 6429	ClG 1358+62	Galaxy Cluster	Gravitationally Lensed Image of Highest Redshift Galaxy
1305	opo9725a	ZwCl 6429	ClG 1358+62	Galaxy Cluster	Gravitationally Lensed Image of Highest Redshift Galaxy
1306	opo9701a	NGC 3377 / NGC 3379 / NGC 4486B	NGC 3377 / NGC 3379 / NGC 4486B	Active Galaxy	Massive Black Holes In Galaxies NGC 3377, NGC 3379 And NGC 4486b
1310	opo9621a	NGC 1365 / IRAS 03317-3618	Galaxy NGC 1365	Great Barred Spiral	Galaxy NGC 1365
1312	opo9547b	NGC 4261	Core of Galaxy NGC 4261- Artist Concept	Galaxy Portrait	Core of Galaxy NGC 4261- Artist Concept
1316	opo9449d	M 100	Cepheid Variable Star in Galaxy M100	Grand Design Spiral	Cepheid Variable Star in Galaxy M100
1317	opo9449a	M 100 / NGC 4321	Cepheid Variable Star in Galaxy M100	Cepheid Host Galaxy	Cepheid Variable Star in Galaxy M100
1318	opo9402c	M 100 / NGC 4321 / IRAS 12204+1605	M100 PC chip	Galaxy Portrait	M100 PC chip
1319	opo9401a	M 100 / NGC 4321 / IRAS 12204+1605	Spiral Galaxy M100	Spiral Galaxy	Spiral Galaxy M100
1320	opo9401c	M 100 / NGC 4321 / IRAS 12204+1605	Spiral Galaxy M100	Spiral Galaxy	Spiral Galaxy M100
1321	opo9401b	M 100 / NGC 4321 / IRAS 12204+1605	Spiral Galaxy M100	Spiral Galaxy	Spiral Galaxy M100
1322	opo9227b	NGC 4261	Core of Galaxy NGC 4261	Galaxy Portrait	Core of Galaxy NGC 4261
1323	opo9227a	NGC 4261	Core of Galaxy NGC 4261	Galaxy Portrait	Core of Galaxy NGC 4261
1325	heic1717c	NGC 4993	NGC 4993 seen with	Galaxy Portrait	NGC 4993 seen with Hubble
1327	heic1513b	NGC 6503	The area around NGC 6503	Galaxy Portrait	The area around NGC 6503 (ground-based image)
1328	heic1423d	Abell 2744	Abell 2744	Galaxy Cluster	One of three magnified images of a distant galaxy (2)
1329	heic1423e	Abell 2744	Abell 2744	Galaxy Cluster	One of three magnified images of a distant galaxy (3)
1330	heic1423c	Abell 2744	Abell 2744	Galaxy Cluster	One of three magnified images of a distant galaxy (1)
1334	heic2505j	NGC 5335	Barred Spiral Galaxy NGC 5335	Barred Spiral Galaxy	Barred Spiral Galaxy NGC 5335 (annotated)
1335	heic2505i	NGC 5335	Barred Spiral Galaxy NGC 5335	Barred Spiral Galaxy	Barred Spiral Galaxy NGC 5335
1336	potw2426c	NGC 5253	NGC 5253 (collage	Galaxy Portrait	NGC 5253 (collage)
1337	heic2310b	Galaxy cluster MACS0416 with Mothra pullout	Galaxy cluster MACS0416 with Mothra pullout	Galaxy Cluster	Galaxy cluster MACS0416 with Mothra pullout
1340	heic1919b	ESO 285-19	of Arp-Madore 2026-424	Galaxy Portrait	Wide-field view of Arp-Madore 2026-424 (ground-based view)
1341	heic1807c	MACS J1149+2223 / MACS J1149.5+223	Lensed Star 1	Galaxy Cluster	Lensed star in the cluster MACS j1149.5+223
1343	heic1607a	NGC 1600	NGC 1600	Giant Elliptical Galaxy	NGC 1600
1344	opo1534a	SpARCS1049+56	SpARCS1049+56	Galaxy Portrait	Signatures of the Earliest Galaxies
1347	heic1408b	CLASS B1608+656	CLASS B1608+656	Galaxy Portrait	Annotated image of the field around CLASS B1608+656
1350	opo0929d	M 83	of Sky Around M83	Southern Pinwheel Galaxy	Ground-based image of Sky Around M83 (ground-based image)
1352	heic0506c	Messier 51	Messier 51	Spiral Galaxy	The Whirlpool Galaxy (M51a) with it's sparkling arms is the first galaxy found to have a spiral structure.
1353	opo9510a	NGC 253	NGC 253	Sculptor Galaxy	NGC 253
1354	heic2407c	UGC 12158	Asteroid photobombs snapshot of Galaxy UGC 12158	Asteroid-Photobombed Galaxy	Asteroid photobombs Hubble snapshot of Galaxy UGC 12158 (compass image)
1355	heic1604a	GN-z11	GN-z11	Galaxy Portrait	Most distant galaxy
1356	heic1604b	GN-z11	GN-z11	Galaxy Portrait	Hubble spectroscopically confirms remotest galaxy today
1357	potw1425b	NGC 2441	SN 1995E	Supernova Host Galaxy	A curious supernova in NGC 2441 (annotated)
1366	heic1014b	Abell 1689	Abell 1689	Gravitational Lens Cluster	Distribution of light and mass in Abell 1689
1367	heic1806b	NGC 1052	NGC 1052	Galaxy Portrait	Ground-based view of the sky around the galaxies NGC 1052-DF4 NGC & 1052-DF2
1368	heic1408c	CLASS B1608+656	CLASS B1608+656	Galaxy Portrait	Digitized Sky Survey Image around CLASS B1608+656 (ground-based image)
1370	potw1526a	SBS1415+437	SBS1415+437	Galaxy Portrait	Intense and short-lived
1371	heic1421b	DDO 68	DDO 68	Dwarf Galaxy	The area around dwarf galaxy DDO 68 (ground-based image)
1372	opo1433d	IRC 0218	IRC 0218	Gravitational Lens	IRC 0218 lensing feature without foreground cluster
1373	heic1014a	Abell 1689	Abell 1689	Gravitational Lens Cluster	Mass map of Abell 1689
1375	heic1523c	Abell 2744	Abell 2744	Galaxy Cluster	Hubble Frontier Fields view of Abell 2744
1377	heic2313b	UGC 8091	Dwarf irregular galaxy UGC 8091	Dwarf Irregular Galaxy	Dwarf irregular galaxy UGC 8091 (wide-field view)
1378	heic1709c	NGC 4298 / NGC 4302	of NGC 4298 and NGC 4302	Galaxy Portrait	Wide-field image of NGC 4298 and NGC 4302 (ground-based image)
1379	opo1433c	IRC 0218	IRC 0218	Gravitational Lens	IRC 0218 lensing feature
1382	heic1712b	NGC 1512 / NGC 1510	of NGC 1510 and NGC 1512	Galaxy Portrait	Wide-field view of NGC 1510 and NGC 1512 (ground-based view)
1383	opo0929e	M 83	Digitized Sky Survey of Star Field Around M83	Southern Pinwheel Galaxy	Digitized Sky Survey Image of Star Field Around M83 (ground-based image)
1385	heic0905b	NGC 7049	of NGC 7049	Backlit Dust-Lane Galaxy	Wide-field view of NGC 7049 (ground-based image)
1386	heic1717d	NGC 4993	of NGC 4993	Galaxy Portrait	Wide-field view of NGC 4993 (ground-based view)
1388	heic0911d	NGC 4522	Digitized Sky Survey of NGC 4522	Galaxy Portrait	Digitized Sky Survey Image of NGC 4522 (ground-based image)
1389	heic2310d	Galaxy cluster MACS1416 (Hubble and Webb images)	Galaxy cluster MACS1416 ( and Webb images	Galaxy Cluster	Galaxy cluster MACS1416 (Hubble and Webb images)
1390	heic2310c	Galaxy cluster MACS0416 (Hubble and Webb composite image, annotated)	Galaxy cluster MACS0416	Galaxy Cluster	Galaxy cluster MACS0416 (Hubble and Webb composite image, annotated)
1397	opo1130a	Extended Groth Strip	Merging galaxies in the Extended Groth Strip	Galaxy Portrait	Merging galaxies in the Extended Groth Strip
1398	heic0813e	Abell 1656	Abell 1656	Galaxy Cluster	Wide-field view of the Coma Galaxy Cluster (DSS2 excerpt, ground-based image)
1399	heic1805b	Arp 256	of Arp 256	Galaxy Portrait	Wide-field view of Arp 256 (ground-based image)
1402	heic1208b	NGC 3314 / NGC 3314A / NGC 3314B	The area around NGC 3314	Galaxy Portrait	The area around NGC 3314 (ground-based view)
1403	heic0914c	NGC 4710	A of the region around NGC 4710	Galaxy Portrait	A wide-field view of the region around NGC 4710 (ground-based image)
1404	heic0813d	Abell 1656	Abell 1656	Galaxy Cluster	Coma Galaxy Cluster (Detail 3)
1405	heic0813b	Abell 1656	Abell 1656	Galaxy Cluster	Coma Galaxy Cluster (Detail 1)
1407	potw1547a	2MASX J16270254+4328340	2MASX J16270254+4328340	Galaxy Portrait	The last waltz
1409	heic0910o	Mrk 817	Markarian 817	Galaxy Portrait	Composite image of Markarian 817 with COS spectrum
1410	heic0906b	Arp 194	Constellation region near Arp 194	Galaxy Portrait	Constellation region near Arp 194 (ground-based image)
1411	opo0917b	MACS J0717.5+3745	MACS J0717.5+3745	Galaxy Cluster	Compass and scale image of MACS J0717
1412	heic0804d	NGC 1132	NGC 1132	Fossil Group Giant	NGC 1132 wide-field (ground-based image)
1413	heic0804e	NGC 1132	of NGC 1132 vicinity	Fossil Group Giant	Wide-field view of NGC 1132 vicinity (ground-based image)
1418	opo0737b	3C 321	3C 321	Galaxy Portrait	Multi-panel image of 3C 321
1424	heic0709c	ZwCl 457-28	ZwCl 457-28	Galaxy Cluster	Galaxy Cluster Collision
1425	heic0709d	ZwCl0024+1652	ZwCl0024+1652	Galaxy Cluster	Wide-field image of the ZwCl0024+1652 region (ground-based image)
1427	heic0706b	NGC 1672	NGC 1672 in Dorado	Spiral-Arm Stellar Nursery	NGC 1672 in Dorado (ground-based image)
1428	heic0705c	Abell 2667	Abell 2667	Galaxy Cluster	Wide field image of Abell 2667 region (ground-based image)
1429	opo0708b	ESO 325-G004	Abell S0740	Galaxy Portrait	ESO 325-G004: detailing the big picture
1433	opo0651e	MS 0735.6+742	MS 0735.6+742	Galaxy Cluster	Radio Image of Galaxy Cluster MS 0735
1434	opo0651d	MS 0735.6+742	MS 0735.6+742	Galaxy Cluster	Visible-Light Image of Galaxy Cluster MS 0735
1435	opo0651a	MS 0735.6+742	MS 0735.6+742	Galaxy Cluster	Galaxy cluster MS 0735
1436	opo0651c	MS 0735.6+742	MS 0735.6+742	Galaxy Cluster	X-ray Image of Galaxy Cluster MS 0735
1437	opo0651b	MS 0735.6+742	MS 0735.6+742	Galaxy Cluster	Composite Image of Galaxy Cluster MS 0735
1438	heic0616e	Small Magellanic Cloud	47 Tucanae	Globular Cluster	Globular cluster 47 Tucanae and the Small Magellanic Cloud (ground-based image)
1441	heic0614c	LEDA 2826829	MRC 1138-262	Galaxy Portrait	Wide-field image of the Spiderweb Galaxy (ground-based image)
1443	opo0624b	NGC 5866	Full ACS of NGC 5866	Galaxy Portrait	Full ACS image of NGC 5866
1446	opo0620b	GRB980703	GRB980703	Galaxy Portrait	Gamma-ray burst host galaxy GRB980703
1447	opo0620d	GRB990712	GRB990712	Galaxy Portrait	Gamma-ray burst host galaxy GRB990712
1448	opo0620e	GRB000926	GRB000926	Galaxy Portrait	Gamma-ray burst host galaxy GRB000926
1449	opo0620g	GRB030329	GRB030329	Galaxy Portrait	Gamma-ray burst host galaxy GRB030329
1450	opo0620c	GRB990705	GRB990705	Galaxy Portrait	Gamma-ray burst host galaxy GRB990705
1462	opo0607c	NGC 1309	Full ACS field of NGC 1309	Galaxy Portrait	Full ACS field of NGC 1309
1463	opo0607b	NGC 1309	SN 2002fk	Supernova Host Galaxy	Lick observatory ground-based image of SN2002fk in NGC 1309
1466	opo0532d	SDSS J120540.43+491029.3	Einstein Ring Gravitational Lens SDSS J120540.43+491029.3	Gravitational Lens	Einstein Ring Gravitational Lens: SDSS J120540.43+491029.3
1467	opo0532i	SDSS J232120.93-093910.2	Einstein Ring Gravitational Lens SDSS J232120.93-093910.2	Gravitational Lens	Einstein Ring Gravitational Lens: SDSS J232120.93-093910.2
1468	opo0532g	SDSS J162746.44-005357.5	Einstein Ring Gravitational Lens SDSS J162746.44-005357.5	Gravitational Lens	Einstein Ring Gravitational Lens: SDSS J162746.44-005357.5
1469	opo0532b	SDSS J073728.45+321618.5	Einstein Ring Gravitational Lens SDSS J073728.45+321618.5	Gravitational Lens	Einstein Ring Gravitational Lens: SDSS J073728.45+321618.5
1471	opo0532e	SDSS J125028.25+052349.0	Einstein Ring Gravitational Lens SDSS J125028.25+052349.0	Gravitational Lens	Einstein Ring Gravitational Lens: SDSS J125028.25+052349.0
1472	opo0532f	SDSS J140228.21+632133.5	Einstein Ring Gravitational Lens SDSS J140228.21+632133.5	Gravitational Lens	Einstein Ring Gravitational Lens: SDSS J140228.21+632133.5
1473	opo0532h	SDSS J163028.15+452036.2	Einstein Ring Gravitational Lens SDSS J163028.15+452036.2	Gravitational Lens	Einstein Ring Gravitational Lens: SDSS J163028.15+452036.2
1474	opo0532c	SDSS J095629.77+510006.6	Einstein Ring Gravitational Lens SDSS J095629.77+510006.6	Gravitational Lens	Einstein Ring Gravitational Lens: SDSS J095629.77+510006.6
1483	opo0423b	NGC 2403	SN 2004dj	Supernova Host Galaxy	Galaxy NGC 2403: Before and After Supernova 2004dj Outburst
1484	opo0423d	NGC 2403	NGC 2403 and	Galaxy Portrait	NGC 2403: Ground-based and Hubble View
1485	opo0423c	NGC 2403	SN 2004dj	Supernova Host Galaxy	NGC 2403: Annotated Hubble View
1488	opo0415b	AM 0644-741	AM 0644-741	Galaxy Portrait	Full HST ACS Image of AM 0644-741
1489	opo0413e	NGC 300 / IRAS 00525-3757	NGC 300 / IRAS 00525-3757	Galaxy Portrait	Hubble sees stars as numerous as grains of sand in nearby galaxy
1495	heic0404d	Abell 2218	Abell 2218	Galaxy Cluster	Digitized Sky Survey 2 wide-angle image of Abell 2218 (ground-based image)
1496	heic0404c	Abell 2218	Abell 2218	Galaxy Cluster	A ground-based wide-angle image of Abell 2218
1497	opo0402a	Abell 2125	Abell 2125	Galaxy Cluster	Too Fast, Too Furious: A Galaxy's Fatal Plunge
1498	opo0402e	Abell 2125	Abell 2125	Galaxy Cluster	Galaxy C153 in Cluster Abell 2125 in Radio (VLA)
1499	opo0402d	Abell 2125	Abell 2125	Galaxy Cluster	Galaxy C153 in Cluster Abell 2125 in X-ray (Chandra)
1500	opo0402g	Abell 2125	Abell 2125	Galaxy Cluster	A Disintegrating Galaxy Plows Through Space (artist's impression)
1501	opo0402b	Abell 2125	Abell 2125	Galaxy Cluster	Galaxy C153 in Cluster Abell 2125 (Composite)
1502	opo0402f	Abell 2125	Abell 2125	Galaxy Cluster	Galaxy C153 in Cluster Abell 2125 from the Ground (KPNO)
1504	opo0324g	NGC 3370 / IRAS 10444+1732	NGC 3370 / IRAS 10444+1732	Supernova Host Galaxy	Details from ACS Image of NGC 3370: Edge of Galaxy (Region 2)
1505	opo0324f	NGC 3370 / IRAS 10444+1732	NGC 3370 / IRAS 10444+1732	Supernova Host Galaxy	Details from ACS Image of NGC 3370: Edge of Galaxy (Region 1)
1507	opo0324d	NGC 3370 / IRAS 10444+1732	Details from ACS of NGC 3370	Supernova Host Galaxy	Details from ACS Image of NGC 3370
1510	opo0324e	NGC 3370 / IRAS 10444+1732	NGC 3370 / IRAS 10444+1732	Supernova Host Galaxy	Details from ACS Image of NGC 3370: Center of Galaxy
1511	opo0324c	NGC 3370 / IRAS 10444+1732	SN 1994AE	Supernova Host Galaxy	Comparison of Ground and ACS Images of NGC 3370
1512	heic0309c	CL0024+1654	CL0024+1654	Galaxy Cluster	Ground-based image of the galaxy cluster CL0024+1654
1516	opo0223b	NGC 4291 / NGC 4319 / Mrk 205	Markarian 205	Galaxy Portrait	DSS image of NGC 4319 and NGC 4291 (ground-based image)
1517	opo0223c	NGC 4319 / Mrk 205	QSO B1219+756	Galaxy Portrait	Annotated Image of NGC 4319 and Markarian 205
1518	opo0223d	Mrk 205	Markarian 205	Galaxy Portrait	Annotated image of Markarian 205 and companion
1520	heic0207n	NGC 4013 / IRAS 11559+4413	NGC 4013	Galaxy Portrait	NGC 4013
1522	heic0207o	NGC 4013 / IRAS 11559+4413	NGC 4013	Galaxy Portrait	NGC 4013
1523	opo0203b	NGC 4622	NGC 4622	Galaxy Portrait	NGC 4622
1524	opo0202d	I Zw 18	I Zw 18	Galaxy Portrait	Hubble Shot of I Zw 18
1525	opo0202c	I Zw 18	I Zw 18	Galaxy Portrait	Going, Going, Almost Gone
1526	opo0202f	I Zw 18	I Zw 18	Galaxy Portrait	Hubble Simulation of I Zw 18
1527	opo0202e	I Zw 18	I Zw 18	Galaxy Portrait	Hubble Simulation of I Zw 18
1531	heic0106k	NGC 1512 / IRAS 04022-4329	of NGC 1512 (WFPC2 overlay	Barred Spiral Galaxy	Ground-based view of NGC 1512 (WFPC2 overlay)
1532	heic0106l	NGC 1512 / IRAS 04022-4329	of NGC 1512	Barred Spiral Galaxy	Ground-based view of NGC 1512
1533	heic0103d	M 81 / M 82 / NGC 3031 / NGC 3034	of two galaxy neighbours M81 and M82	Galaxy Portrait	Ground-based view of two galaxy neighbours: M81 and M82
1534	heic0103f	M 82 / NGC 3034	close-up of M82	Galaxy Portrait	Ground-based close-up view of M82
1535	heic0102b	NGC 2903 / IRAS 09293+2143	NGC 2903 / IRAS 09293+2143	Barred Spiral Galaxy	Star Clusters and Circumnuclear Ring in the Centre of NGC 2903 (NICMOS)
1536	heic0102c	NGC 2903 / IRAS 09293+2143	Overview of NGC 2903	Barred Spiral Galaxy	Overview of NGC 2903 (ground-based)
1537	opo0104b	NGC 3310 / IRAS 10356+5345	Spiral Galaxy NGC 3310	Starburst Galaxy	Spiral Galaxy NGC 3310
1540	heic0005a	Abell 1835	Abell 1835	Galaxy Cluster	Remote Starburst Galaxy J1/J2 Lensed by Abell 1835
1541	heic0005d	J14011+0252	J1/J2	Starburst Galaxy	Remote Starburst Galaxy J1/J2 (2)
1542	heic0003a	ESO 184-82	GRB 980425	Galaxy Portrait	First high-resolution details in gamma-ray burst host galaxy
1543	heic0003d	ESO 184-82	GRB 980425	Galaxy Portrait	Blow-up of area around GRB 980425 (enlarged version)
1544	heic0003c	ESO 184-82	GRB 980425	Galaxy Portrait	Blow-up of area around GRB 980425
1545	opo0021c	NGC 4438 / IRAS 12252+1317	Active Galaxy NGC 4438	Active Galaxy	Active Galaxy NGC 4438
1546	heic0002a	NGC 4450	NGC 4450	Active Galaxy	Swirling Gas Disk around Black Hole in Galaxy NGC 4450
1550	opo9940c	M 32 / NGC 221 / IRAS 00399+4035	of M32 with the STIS field outlined.	Galaxy Portrait	Ground-based image of M32 with the STIS field outlined.
1551	heic9902j	NGC 5689 / IRAS 14337+4857	NGC 5689 / IRAS 14337+4857	Galaxy Portrait	Central bulges of piral galaxies - NGC 5689 (Hubble NICMOS and WFPC2 view)
1552	heic9902d	NGC 1365 / IRAS 03317-3618	NGC 1365 / IRAS 03317-3618	Great Barred Spiral	Starry bulges yield secrets to galaxy growth (Hubble WFPC2 view)
1553	heic9902m	NGC 7537	Central Bulges of Spiral Galaxies - NGC 7537	Spiral Galaxy	Central Bulges of Spiral Galaxies - NGC 7537 (Ground-Based View)
1554	heic9902l	NGC 5965 / IRAS 15328+5651	NGC 5965 / IRAS 15328+5651	Galaxy Portrait	Central bulges of piral galaxies - NGC 5965 (Hubble NICMOS and WFPC2 view)
1555	heic9902i	NGC 5689 / IRAS 14337+4857	Central bulges of piral galaxies - NGC 5689	Galaxy Portrait	Central bulges of piral galaxies - NGC 5689 (ground-based view)
1556	heic9902h	NGC 5838 / IRAS 15029+0217	NGC 5838 / IRAS 15029+0217	Spiral Galaxy	Central Bulges of Spiral Galaxies - NGC 5838 (Hubble NICMOS and WFPC2 View)
1558	heic9902k	NGC 5965 / IRAS 15328+5651	Central bulges of piral galaxies - NGC 5965	Galaxy Portrait	Central bulges of piral galaxies - NGC 5965 (ground-based view)
1559	heic9902g	NGC 5838 / IRAS 15029+0217	Central bulges of spiral galaxies - NGC 5838	Spiral Galaxy	Central bulges of spiral galaxies - NGC 5838 (ground-based image)
1564	opo9928i	MS 1054-03	MS 1054-03	Galaxy Cluster	Galaxy Cluster MS 1054-03
1565	opo9928f	MS1054-03	Galaxy Cluster MS1054-03	Galaxy Cluster	Galaxy Cluster MS1054-03
1566	opo9928g	MS1054-03	Galaxy Cluster MS1054-03	Galaxy Cluster	Galaxy Cluster MS1054-03
1567	opo9928h	MS1054-03	Galaxy Cluster MS1054-03	Galaxy Cluster	Galaxy Cluster MS1054-03
1568	opo9928j	MS 1054-03	MS 1054-03	Galaxy Cluster	Galaxy Cluster MS 1054-03
1569	opo9928d	MS1054-03	Galaxy Cluster MS1054-03	Galaxy Cluster	Galaxy Cluster MS1054-03
1570	opo9928a	MS1054-03	Galaxy Cluster MS1054-03	Galaxy Cluster	Galaxy Cluster MS1054-03
1571	opo9928c	MS1054-03	Galaxy Cluster MS1054-03	Galaxy Cluster	Galaxy Cluster MS1054-03
1572	opo9928e	MS1054-03	Galaxy Cluster MS1054-03	Galaxy Cluster	Galaxy Cluster MS1054-03
1573	opo9919h	NGC 4526	SN 1994D	Whirling Lenticular Galaxy	Ground-Based Image of Supernova 1994D in Galaxy NGC 4526
1574	opo9918g	HST 12531-2914	HST 12531-2914	Galaxy Cluster	Hubble's Top Ten Gravitational Lenses. A View of HST 12531-2914
1575	opo9918f	HST 14176+5226	HST 14176+5226	Galaxy Cluster	Hubble's Top Ten Gravitational Lenses. A View of HST 14176+5226
1576	opo9918k	HST 18078+4600	HST 18078+4600	Galaxy Cluster	Hubble's Top Ten Gravitational Galaxies. A View of HST 18078+4600
1577	opo9918b	HST 01248+0351	HST 01248+0351	Galaxy Cluster	Hubble's Top Ten Gravitational Lenses. A View of HST 01248+0351
1578	opo9918i	HST 16309+8230	HST 16309+8230	Galaxy Cluster	Hubble's Top Ten Gravitational Lenses. A View of HST 16309+8230
1579	opo9918d	HST 15433+5352	HST 15433+5352	Galaxy Cluster	Hubble's Top Ten Gravitational Lenses. A View of HST 15433+5352
1580	opo9918e	HST 16302+8230	HST 16302+8230	Galaxy Cluster	Hubble's Top Ten Gravitational Lenses. A View of HST 16302+8230
1581	opo9918h	HST 14164+5215	HST 14164+5215	Galaxy Cluster	Hubble's Top Ten Gravitational Lenses. A View of HST 14164+5215
1582	opo9918c	HST 01247+0352	HST 01247+0352	Galaxy Cluster	Hubble's Top Ten Gravitational Lenses. A View of HST 01247+0352
1583	opo9918j	HST 12368+6212	HST 12368+6212	Galaxy Cluster	Hubble's Top Ten Gravitational Lenses. A View of HST 12368+6212
1584	opo9910e	NGC 6946 / IRAS 20338+5959	's Infrared Galaxy Gallery. A of NGC 6946	Galaxy Portrait	Hubble's Infrared Galaxy Gallery. A View of NGC 6946
1585	opo9910g	NGC 2903 / NGC 2905 / IRAS 09293+2143	's Infrared Galaxy Gallery. A of NGC 2903	Galaxy Portrait	Hubble's Infrared Galaxy Gallery. A View of NGC 2903
1586	opo9910c	NGC 3593 / IRAS 11119+1305	's Infrared Galaxy Gallery. A of NGC 3593	Galaxy Portrait	Hubble's Infrared Galaxy Gallery. A View of NGC 3593
1587	opo9910d	NGC 891	's Infrared Galaxy Gallery. A of NGC 891	Galaxy Portrait	Hubble's Infrared Galaxy Gallery. A View of NGC 891
1588	opo9910b	NGC 5653 / IRAS 14280+3126	's Infrared Galaxy Gallery. A of NGC 5653	Galaxy Portrait	Hubble's Infrared Galaxy Gallery. A View of NGC 5653
1600	opo9827a	HST 002013+28366, HST 035528+09435, HST 133617-00529	HST 002013+28366	Galaxy Cluster	Distant Galaxy Clusters
1601	opo9827c	HST 002013+28366	HST 002013+28366	Galaxy Cluster	Distant galaxy cluster HST002013+28366
1602	opo9827d	HST 035528+09435	HST 035528+09435	Galaxy Cluster	Distant galaxy cluster HST035528+09435
1603	opo9827b	HST 133617-00529	HST 133617-00529	Galaxy Cluster	Distant galaxy cluster HST133617-00529
1606	opo9826b	MS1054-0321, SN 1996CL	SN 1996CL	Galaxy Cluster	Supernova 1996cl in distant cluster
1607	opo9821c	NGC 4314 / IRAS 12200+3010	Galaxy NGC 4314	Barred Spiral Galaxy	Galaxy NGC 4314 (Ground-Based View)
1608	opo9821e	NGC 4314 / IRAS 12200+3010	Galaxy NGC 4314 ( and	Barred Spiral Galaxy	Galaxy NGC 4314 (Hubble and Ground-Based View)
1614	opo9812d	NGC 1808 / IRAS 05059-3734	Starburst galaxy NGC 1808	Starburst Galaxy	Starburst galaxy NGC 1808
1615	opo9734u	NGC 7252 / IRAS 22179-2455	Central region of our HST of NGC 7252	Galaxy Portrait	Central region of our HST image of NGC 7252
1623	opo9631c	NGC 2366 / IRAS 07233+6917	Star-Forming Region in Galaxy NGC 2366	Dwarf Irregular Galaxy	Star-Forming Region in Galaxy NGC 2366
1626	opo9627b	M 33 / NGC 604	NGC 604 in Galaxy M33	Triangulum Star-Forming Region	NGC 604 in Galaxy M33 (ground-based image)
1632	opo9621a2	NGC 1365 / IRAS 03317-3618	Galaxy NGC 1365	Great Barred Spiral	Galaxy NGC 1365
1635	opo9439e	HST Medium Deep Survey	HST Medium Deep Survey	Galaxy Portrait	Medium deep survey galaxy
1636	opo9439c	HST Medium Deep Survey	HST Medium Deep Survey	Galaxy Portrait	Medium Deep Survey Galaxy
1638	opo9439b	HST Medium Deep Survey	HST Medium Deep Survey	Galaxy Portrait	Medium Deep Survey Galaxy
1639	opo9439d	HST Medium Deep Survey	HST Medium Deep Survey	Galaxy Portrait	Medium Deep Survey Galaxy
1641	opo9510b	NGC 253 / IRAS 00450-2533	NGC 253	Galaxy Portrait	NGC 253
1642	opo9451a	Dwingeloo 1	Dwingeloo 1	Hidden Spiral Galaxy	Astronomers Discover Nearby Spiral Galaxy Hidden Behind the Milky Way
1644	heic1612b	LEDA 36252	of LEDA 36252	Cosmic Tadpole	Ground-based view of LEDA 36252
1649	opo9812a	NGC 1808 / IRAS 05059-3734	Starburst galaxy NGC 1808	Starburst Galaxy	Starburst galaxy NGC 1808
1653	heic0902b	NGC 7173	of NGC 7173	Elliptical Galaxy	Wide-field view of NGC 7173 (ground-based image)
1654	heic1207b	NGC 2363 / NGC 2366	of NGC 2366	Giant Star-Forming Region	Ground-based, wide-field view of NGC 2366
1657	heic1104b	NGC 2841	of NGC 2841	Flocculent Spiral	Wide-field view of NGC 2841 (ground-based image)
1660	heic1202b	NGC 1073 / VV 96 / PKS 0241+011	IXO 5	Galaxy Portrait	Labelled Hubble image of NGC 1073, showing quasars and IXO 5
1664	heic1801b	Abell 1758	Abell 1758	Merging Galaxy Cluster	Wide-field view of Abell 1758 (ground-based view)
1665	opo1727b	SDSS J1110+6459	of galaxy cluster SDSS J1110+6459	Galaxy Cluster	Wide field image of galaxy cluster SDSS J1110+6459
1667	heic1218b	NGC 922	and Chandra composite of NGC 922	Collisional Ring Galaxy	Hubble and Chandra composite view of NGC 922
1670	opo0916h	M 87 / NGC 4486	Compass and scale of M87 jet	Galaxy Portrait	Compass and scale image of M87 jet
1673	opo1727a	SDSS J1110+6459	SGAS J111020.0+645950.8	Galaxy Portrait	Hubble pushed beyond limits to spot clumps of new stars in distant galaxy
1674	heic1305b	M 77	of Messier 77	Squid Galaxy	Wide-field image of Messier 77 (ground-based image)
1675	heic1109b	NGC 4214	of NGC 4214	Dwarf Starburst Galaxy	Wide-field view of NGC 4214 (ground-based image)
1676	heic1106b	Abell 383	Abell 383	Galaxy Cluster	Annotated view of Abell 383
1680	heic1218c	NGC 922	of the area around NGC 922	Collisional Ring Galaxy	Wide-field view of the area around NGC 922 (ground-based image)
1686	potw1708b	RX J1347.5–1145	RX J1347.5–1145	Galaxy Cluster	A CLASH of galaxies
1690	opo1005b	NGC 2976	Compass and scale for NGC 2976	Dwarf Spiral Galaxy	Compass and scale image for NGC 2976
1691	heic1611b	UGC 9391	Cepheids in UGC 9391	Cepheid Host Galaxy	Cepheids in UGC 9391
1692	heic1611c	UGC 9391	UGC 9391	Cepheid Host Galaxy	UGC 9391
1693	heic1202c	NGC 1073	of NGC 1073 and its surroundings	Barred Spiral Galaxy	Wide-field view of NGC 1073 and its surroundings (ground-based image)
1695	opo9918a	REP: HST Medium Deep Survey galaxy-cluster set	HST 01247+0352	Gravitational Lens	Hubble's top ten gravitational lenses
1698	opo9452a	3C 324.0	3C 324.0	Galaxy Cluster	Distant cluster of galaxies
1701	opo9452d	CL 0939+4713	CL 0939+4713	Galaxy Cluster	Hubble observes the lost ancestors to our Milky Way Galaxy
1702	heic1720b	NGC 5256	NGC 5256	Interacting Galaxies	NGC 5256 (ground-based view)
1703	heic1711d	Abell 370	Abell 370	Frontier Fields Cluster	Abell 370 (seen in 2009)
1704	heic1211d	REP: Leo IV dwarf galaxy	REP: Leo IV dwarf galaxy	Dwarf Galaxy	A swarm of dark matter around the Milky Way
1705	opo1037b	Abell 1689	Abell 1689	Gravitational Lens Cluster	Compass and scale image for Abell 1689 dark matter map
1707	heic0901b	NGC 4921	of NGC 4921	Anemic Spiral Galaxy	Annotated view of NGC 4921
1708	heic0805f	Abell 1689	A1689-zD1	Gravitational Lens Cluster	Arc in infrared light (Hubble)
1709	heic0805e	Abell 1689	A1689-zD1	Gravitational Lens Cluster	Arc in visible light (Hubble)
1710	heic0805g	Abell 1689	A1689-zD1	Gravitational Lens Cluster	Arc in infrared light (Spitzer)
1714	opo9530c	3C 368.0 / 3C 368	3C 368.0	Radio Galaxy	Radio galaxy 3C368
1715	opo9530b	3C 324	3C 324	Radio Galaxy	Radio galaxy 3C324
1716	opo9530a	3C 265 / 3C 324 / 3C 368	3C 265	Galaxy Portrait	Radio galaxies
1717	opo1038d	NGC 4150	Compass and scale for NGC 4150	Lenticular Galaxy	Compass and scale image for NGC 4150
1718	opo1008c	HCG 31	HCG 31	Interacting Galaxy Group	Compass and scale image for HCG 31
1720	opo0929f	M 83	Compass and scale of M83	Southern Pinwheel Galaxy	Compass and scale image of M83
1721	opo0916d	M 87 / NGC 4486	M87 nucleus and bright knot	Galaxy Portrait	M87 nucleus and bright knot
1722	opo0916g	M 87 / NGC 4486	M87 nucleus and bright knot	Galaxy Portrait	M87 nucleus and bright knot
1723	opo0916e	M 87 / NGC 4486	M87 nucleus and bright knot	Galaxy Portrait	M87 nucleus and bright knot
1724	opo0916f	M 87 / NGC 4486	M87 nucleus and bright knot	Galaxy Portrait	M87 nucleus and bright knot
1725	opo0916b	M 87 / NGC 4486	M87 nucleus and bright knot	Galaxy Portrait	M87 nucleus and bright knot
1726	opo0916c	M 87 / NGC 4486	M87 nucleus and bright knot	Galaxy Portrait	M87 nucleus and bright knot
1728	opo9449b6	M 100	Cepheid variable star in galaxy M100	Grand Design Spiral	Cepheid variable star in galaxy M100
1729	opo9449b2	M 100	Cepheid variable star in galaxy M100	Grand Design Spiral	Cepheid variable star in galaxy M100
1730	opo9449b4	M 100	Cepheid variable star in galaxy M100	Grand Design Spiral	Cepheid variable star in galaxy M100
1731	opo9449b5	M 100	Cepheid variable star in galaxy M100	Grand Design Spiral	Cepheid variable star in galaxy M100
1733	opo9449b3	M 100	Cepheid variable star in galaxy M100	Grand Design Spiral	Cepheid variable star in galaxy M100
1734	opo9449b	M 100	Cepheid variable star in galaxy M100	Grand Design Spiral	Cepheid variable star in galaxy M100
1736	heic0309b	CL0024+1654	CL0024+1654	Galaxy Portrait	Hubble observes shapes of more than 7000 faint background galaxies
1737	heic1607b	NGC 1600	of NGC 1600	Giant Elliptical Galaxy	Ground-based view of NGC 1600
1738	ann1217a	NGC 922	of NGC 922	Collisional Ring Galaxy	Hubble view of NGC 922
1739	heic1103c	UDFj-39546284	UDFj-39546284	Galaxy Portrait	Hubble finds a new contender for galaxy distance record
1740	opo0739b	MC2 1635+11.9 , QSO B1635+119	MC2 1635+11.9	Galaxy Portrait	Quasar MC2 1635+119 and host galaxy
1742	jwst_rendering_galaxies	REP: James Webb Space Telescope , JWST	James Webb Space Telescope	Galaxy Portrait	The James Webb Space Telescope
1743	heic0910t	Abell 370	Abell 370	Frontier Fields Cluster	Digitized sky survey image of Abell 370 (ground-based image)
1745	heic0716c	I Zw 18	I Zw 18	Galaxy Portrait	I Zwicky 18 (ground-based image)
1750	opo0415c	AM 0644-741	AM 0644-741	Galaxy Portrait	Digitized sky survey image of AM 0644-741 (ground-based image)
1751	opo0413b	NGC 300 / IRAS 00525-3757	NGC 300	Galaxy Portrait	NGC 300
1764	heic9910c	Abell 2218	Abell 2218	Galaxy Cluster	Gravitational Lensing
1766	heic9902e	NGC 1365 / IRAS 03317-3618	NGC 1365 / IRAS 03317-3618	Great Barred Spiral	Starry bulges yield secrets to galaxy growth (Hubble NICMOS View)
1768	heic9902n	NGC 7537	NGC 7537	Spiral Galaxy	Central Bulges of Spiral Galaxies- NGC 7537 (Hubble NICMOS and WFPC2 View)
1777	opo9734r	NGC 3610	NGC 3610	Galaxy Portrait	NGC 3610
1779	opo9734v	NGC 3921 / IRAS 11484+5521	Central region of HST of NGC 3921	Galaxy Portrait	Central region of HST image of NGC 3921
1781	opo9734o	NGC 5426 / NGC 5427 / IRAS 14008-0547	NGC 5426/5427	Galaxy Portrait	NGC 5426/5427
1785	opo9725d	CL1358+62	CL1358+62	Galaxy Portrait	Gravitationally lensed image of highest redshift galaxy
1786	opo9725c	CL1358+62	CL1358+62	Galaxy Portrait	Gravitationally lensed image of highest redshift galaxy
1818	opo9425a	CL 0939+4713	CL 0939+4713	Galaxy Cluster	Hubble observes the lost ancestors to our Milky Way galaxy
1823	opo9403a	M 100 / NGC 4321 / IRAS 12204+1605	Galaxy M100 resolution comparison	Galaxy Portrait	Galaxy M100 resolution comparison
1828	opo9319a	NGC 4295 / NGC 4395	of Seyfert galaxy NGC 4395	Galaxy Portrait	Ground-based image of Seyfert galaxy NGC 4395
1829	opo9315a	NGC 5728 / IRAS 14396-1702	NGC 5728	Galaxy Portrait	NGC 5728
1831	opo9311b	NGC 7257	NGC 7257	Spiral Galaxy	NGC 7257: spiral disk and globular star clusters at the core of a colliding galaxy
1832	opo9311a	NGC 7257	NGC 7257	Spiral Galaxy	Spiral disk and globular star clusters at the core of a colliding galaxy
1834	opo9228b	CL 0939+4713	CL 0939+4713	Galaxy Cluster	The farthest cluster of galaxies ever seen?
1835	opo9228a	CL 0939+4713	CL 0939+4713	Galaxy Cluster	HST photographs a cluster of galaxies four billion light-years away
1836	opo9228c	CL 0939+4713	CL 0939+4713	Galaxy Cluster	A "Hubble atlas" of ancient galaxies
1837	opo9226a	4C 41.17, 4C41.17	4C 41.17	Radio Galaxy	Radio galaxy 4C41.17
1838	opo9225a	AC 114	AC 114	Gravitational Lens	Gravitational lens in galaxy cluster AC 114
1839	opo9221a	53W 002 , Hercules 5	53W 002	Radio Galaxy	Radio galaxy 53W002
1843	opo9216a	Arp 220	Arp 220	Galaxy Portrait	HST planetary camera images of core of peculiar galaxy Arp 220 (ground-based image vs. HST)
1844	opo9216b	Arp 220	Arp 220	Galaxy Portrait	HST planetary camera images of core of peculiar galaxy Arp 220
1845	opo9214a	NGC 3862	Optical jet in galaxy NGC 3862	Galaxy Portrait	Optical jet in galaxy NGC 3862
1846	opo9215a	NGC 3309 / NGC 3312 / Abell 1060 / IRAS 10346-2718	Abell 1060	Star Cluster	Digitized all sky-survey (ground-based image)
1847	opo9209a	M 32 / NGC 221 / IRAS 00399+4035	Compact core of galaxy M32	Galaxy Portrait	Compact core of galaxy M32
1852	opo9101a	3C 668	3C 668	Galaxy Portrait	Braided galactic jet
1854	opo9016b	PKS 0521-36	QSO B0521-365	Radio Galaxy	Radio galaxy PKS 0521-36 - ground-based view
1855	opo9016a	PKS 0521-36	QSO B0521-365	Radio Galaxy	The radio galaxy PKS 0521-36
1856	opo9008a	NGC 7457	HST of a galaxy's Nucleus	Galaxy Portrait	HST image of a galaxy's Nucleus
1857	opo9006a	NGC 188	ESA's faint object camera first images	Galaxy Portrait	ESA's faint object camera first images
1859	heic0005c	Abell 1835	Abell 1835	Galaxy Cluster	Remote starburst galaxy J1/J2 (1)
1865	JADES2	GOODS-S field	GOODS-S field (NIRCam	Galaxy Portrait	GOODS-S field (NIRCam image)
1866	opo9402a	M 100 / NGC 4321 / IRAS 12204+1605	M 100 / NGC 4321 / IRAS 12204+1605	Spiral Galaxy	The spiral galaxy M100 as seen with the Hubble's improved vision
1867	heic1318b	PGC 6240	of PGC 6240	Galaxy Portrait	Wide field image of PGC 6240 (ground-based image)
1868	opo1031b	HE 2347-4342 , QSO B2347-4342	HE 2347-4342	Galaxy Portrait	Helium reionisation in the early Universe
1870	ann0910a	NGC 2623	Hubblecast 31 sky merger yields sparkling dividends	Interacting Galaxies	Hubblecast 31: sky merger yields sparkling dividends
1872	ann0704	Extended Groth Strip	Extended Groth Strip (EGS	Galaxy Portrait	Hubble pans across heavens to harvest 50,000 evolving galaxies
1874	sci24007a	Sombrero Galaxy	and Webb’s views of the Sombrero Galaxy	Galaxy Portrait	Hubble and Webb’s views of the Sombrero Galaxy
1879	potw2122a	NGC 691	The Eponymous NGC 691	Galaxy Portrait	The Eponymous NGC 691
