index	archiveId	displayName	designation	name	title	sourceUrl
147	opo2506	Bullseye	LEDA 1313424	LEDA 1313424	Galaxy LEDA 1313424	https://esahubble.org/images/opo2506/
233	potw2318a	Galaxy	JO175	Galaxy , Jellyfish galaxy	Ghostly galactic jellyfish	https://esahubble.org/images/potw2318a/
249	heic2212a	N/A	N/A	Webb and Hubble Capture Detailed Views of DART Debris (27 September 2022)	Webb and Hubble Capture Detailed Views of DART Debris (27 September 2022)	https://esahubble.org/images/heic2212a/
256	potw2147a	Galaxies	SGAS 0033+02	Galaxies , Stars	One Galaxy, Three Times	https://esahubble.org/images/potw2147a/
342	potw2227a	Galaxies	CGCG 396-2 / PGC 17532	Galaxies , Orion constellation	Hubble Spies a Galactic Gem	https://esahubble.org/images/potw2227a/
343	potw2132a	Galaxies	2M1310-1714	Galaxies , Quasar	Seeing Quintuple	https://esahubble.org/images/potw2132a/
415	potw2204a	Strike!	NGC 7764A	NGC 7764A	Strike!	https://esahubble.org/images/potw2204a/
458	potw2229a	Galaxy	SGAS J143845+145407	Galaxy	Lens Flair	https://esahubble.org/images/potw2229a/
483	heic0306a	Quasar	N/A	Quasar	Finding the ashes of the first stars [artist's impression]	https://esahubble.org/images/heic0306a/
597	potw1844a	Helping	SDSS J0915+3826	SDSS J0915+3826	Helping Hubble	https://esahubble.org/images/potw1844a/
657	potw1651a	Astro-pointillism	NGC 4707	NGC 4707	Astro-pointillism	https://esahubble.org/images/potw1651a/
787	opo0037a	Circinus	IRAS 14092-6506	Circinus , IRAS 14092-6506	Active galaxy Circinus	https://esahubble.org/images/opo0037a/
794	opo1353b	Himiko	Himiko	Himiko	Hubble view of Himiko	https://esahubble.org/images/opo1353b/
795	opo1353a	Himiko	Himiko	Himiko	View of a primordial gas bubble dubbed Himiko	https://esahubble.org/images/opo1353a/
829	opo1629a	Pisces	REP: Pisces A / Pisces B	Pisces	Dwarf galaxies in Pisces	https://esahubble.org/images/opo1629a/
835	opo1511f	Galaxy	REP: Galaxy	Galaxy	Hubble galaxy at redshift z = 2.0	https://esahubble.org/images/opo1511f/
836	opo1511c	Galaxy	REP: Galaxy	Galaxy	Hubble galaxy at redshift z = 0.26	https://esahubble.org/images/opo1511c/
837	opo1511e	Galaxy	REP: Galaxy	Galaxy	Hubble galaxy at redshift z = 1.3	https://esahubble.org/images/opo1511e/
838	opo1511d	Galaxy	REP: Galaxy	Galaxy	Hubble galaxy at redshift z = 0.65	https://esahubble.org/images/opo1511d/
839	opo1511g	Galaxy	REP: Galaxy	Galaxy	Hubble galaxy at redshift z = 2.4	https://esahubble.org/images/opo1511g/
840	opo1511h	Galaxy	REP: Galaxy	Galaxy	Hubble galaxy at redshift z = 2.8	https://esahubble.org/images/opo1511h/
865	opo0928e	Sagittarius	Sagittarius	Sagittarius	Galactic centre region in near-infrared from Hubble	https://esahubble.org/images/opo0928e/
866	opo0928b	Sagittarius	Sagittarius	Sagittarius	Hubble and other Great Observatories examine the galactic centre region	https://esahubble.org/images/opo0928b/
867	opo0928f	Sagittarius	Sagittarius	Sagittarius	Galactic centre region in X-rays from Chandra	https://esahubble.org/images/opo0928f/
868	opo0928d	Sagittarius	Sagittarius	Sagittarius	Galactic centre region in infrared from Spitzer	https://esahubble.org/images/opo0928d/
947	opo0431b	SagDIG	SagDIG	SagDIG	Hubble Images Sagittarius Dwarf Galaxy	https://esahubble.org/images/opo0431b/
1061	opo9734w	Antennae	NGC 4038 / NGC 4039 / IRAS 11593-1835	Antennae , IRAS 11593-1835 , IRAS F11593-1836 , NGC 4038 , NGC 4039	HST/WFPC2 image of colliding galaxies NGC 4038 and NGC 4039	https://esahubble.org/images/opo9734w/
1068	potw1917a	Iconic	NGC 2903	NGC 2903	Iconic	https://esahubble.org/images/potw1917a/
1104	opo1353d	Himiko	Himiko	Himiko	Himiko (Subaru, Hubble, and Spitzer close-up view)	https://esahubble.org/images/opo1353d/
1105	opo1353c	Himiko	Himiko	Himiko	Himiko (Hubble close-up view)	https://esahubble.org/images/opo1353c/
1122	opo0932g	Doradus	N/A	Doradus	Doradus Constellation (ground-based image)	https://esahubble.org/images/opo0932g/
1142	opo0907e	Pinwheel	M 101 / NGC 4547	Messier 101 , NGC 4547 , Pinwheel	M101 composite image: Chandra data (blue component)	https://esahubble.org/images/opo0907e/
1143	opo0907b	Pinwheel	M 101 / NGC 4547	Messier 101 , NGC 4547 , Pinwheel	Spitzer-Hubble-Chandra Composite of M101	https://esahubble.org/images/opo0907b/
1144	opo0907h	Pinwheel	M 101	Messier 101 , Pinwheel	Hubble image of M101	https://esahubble.org/images/opo0907h/
1145	opo0907i	Pinwheel	M 101 / NGC 4547	Messier 101 , NGC 4547 , Pinwheel	Chandra image of M101	https://esahubble.org/images/opo0907i/
1146	opo0907g	Pinwheel	M 101 / NGC 4547	Messier 101 , NGC 4547 , Pinwheel	Spitzer image of M101	https://esahubble.org/images/opo0907g/
1147	opo0907d	Pinwheel	M 101 / NGC 4547	Messier 101 , NGC 4547 , Pinwheel	M101 composite image: Hubble data (green component)	https://esahubble.org/images/opo0907d/
1149	opo0907f	Pinwheel	M 101 / NGC 4547	Messier 101 , NGC 4547 , Pinwheel	Spiral galaxy M101 - NASA's Great Observatories	https://esahubble.org/images/opo0907f/
1150	opo0907c	Pinwheel	M 101 / NGC 4547	Messier 101 , NGC 4547 , Pinwheel	M101 composite image: Spitzer data (red component)	https://esahubble.org/images/opo0907c/
1189	heic0710j	Galaxies	M 81	Galaxies	Spiral Galaxy M81 Details 7	https://esahubble.org/images/heic0710j/
1192	heic0710k	Galaxies	M 81 / M 82	Galaxies	Wide-field image showing the region of M81 and M82 (ground-based image)	https://esahubble.org/images/heic0710k/
1221	opo0421a	Galaxies	REP: Galaxies	Galaxies	A Day in the Lives of Galaxies	https://esahubble.org/images/opo0421a/
1240	opo0318d	HDF-N	Hubble Deep Field	HDF-N , Hubble Deep Field North	HDF-N HST/ACS/WFC Full Mosaic	https://esahubble.org/images/opo0318d/
1241	opo0318a	HDF	Hubble Deep Field	HDF , Hubble Deep Field	Hubble Goes 'Deep' to Sample Young Galaxies	https://esahubble.org/images/opo0318a/
1242	opo0318e	CDF-S	CDF-S , Chandra Deep Field South	CDF-S , Chandra Deep Field South	CDF-S HST/ACS/WFC Full Mosaic	https://esahubble.org/images/opo0318e/
1298	opo9734g	Antennae	NGC 4038 / NGC 4039 / IRAS 11593-1835	Antennae , IRAS 11593-1835 , NGC 4038 , NGC 4039	Close-Up of Star Formation in Antennae Galaxy	https://esahubble.org/images/opo9734g/
1299	opo9734e	Antennae	NGC 4038 / NGC 4039 / IRAS 11593-1835	Antennae , IRAS 11593-1835 , NGC 4038 , NGC 4039	Close-Up of Star Formation in Antennae Galaxy	https://esahubble.org/images/opo9734e/
1300	opo9734a	Antennae	NGC 4038 / NGC 4039 / IRAS 11593-1835	Antennae , IRAS 11593-1835 , NGC 4038 , NGC 4039	Colliding Galaxies NGC 4038 and NGC 4039	https://esahubble.org/images/opo9734a/
1301	opo9734f	Antennae	NGC 4038 / NGC 4039 / IRAS 11593-1835	Antennae , IRAS 11593-1835 , NGC 4038 , NGC 4039	Close-Up of Star Formation in Antennae Galaxy	https://esahubble.org/images/opo9734f/
1302	opo9734b	Antennae	NGC 4038 / NGC 4039 / IRAS 11593-1835	Antennae , IRAS 11593-1835 , NGC 4038 , NGC 4039	Close-Up of Star Formation in Antennae Galaxy	https://esahubble.org/images/opo9734b/
1308	opo9624a	HDF	Hubble Deep Field	HDF , Hubble Deep Field	Distant Galaxy in the Hubble Deep Field	https://esahubble.org/images/opo9624a/
1429	opo0652d	Supernovae	REP: Supernovae	Supernovae	15 Distant Supernovae	https://esahubble.org/images/opo0652d/
1430	opo0652e	Supernovae	REP: Supernovae	Supernovae	39 distant Supernovae	https://esahubble.org/images/opo0652e/
1431	opo0652a	Supernovae	REP: Supernovae	Supernovae	Host galaxies of distant Supernovae	https://esahubble.org/images/opo0652a/
1486	opo0416b	Galaxies	REP: Galaxies	Galaxies	Evolution of spiral galaxies	https://esahubble.org/images/opo0416b/
1505	opo0324j	Stars	NGC 3370	Stars	Details from ACS Image of NGC 3370: Lower Middle Right	https://esahubble.org/images/opo0324j/
1507	opo0324i	Galaxy	NGC 3370	Galaxy	Details from ACS Image of NGC 3370: Middle Right	https://esahubble.org/images/opo0324i/
1508	opo0324h	Galaxies	NGC 3370	Galaxies	Details from ACS Image of NGC 3370: Upper Left Corner	https://esahubble.org/images/opo0324h/
1520	heic0207h	ULIRG	IRAS 19297-0406	IRAS 19297-0406 , ULIRG	Hubble Provides 'One-Two Punch' to See Birth of Stars in Galactic Wreckage	https://esahubble.org/images/heic0207h/
1559	opo9933j	Doradus	Large Magellanic Cloud	Doradus , Large Magellanic Cloud , LMC	Doradus Region in the Large Magellanic Cloud	https://esahubble.org/images/opo9933j/
1589	opo9832d	HDF	Hubble Deep Field	HDF , Hubble Deep Field	Hubble Deep Field in Infrared	https://esahubble.org/images/opo9832d/
1590	opo9832i	HDF	Hubble Deep Field	HDF , Hubble Deep Field	Location of NICMOS field on WFPC2 HDF	https://esahubble.org/images/opo9832i/
1591	opo9832b	HDF	Hubble Deep Field	HDF , Hubble Deep Field	Hubble Deep Field in infrared	https://esahubble.org/images/opo9832b/
1593	opo9832e	HDF	Hubble Deep Field	HDF , Hubble Deep Field	Hubble Deep Field in Infrared	https://esahubble.org/images/opo9832e/
1594	opo9832k	HDF	Hubble Deep Field	HDF , Hubble Deep Field	Blue galaxies on WFPC2 field not detected with NICMOS	https://esahubble.org/images/opo9832k/
1595	opo9832c	HDF	Hubble Deep Field	HDF , Hubble Deep Field , Ursa Major	Comparative view of galaxy's Ssellar populations	https://esahubble.org/images/opo9832c/
1596	opo9832j	HDF	Hubble Deep Field	HDF , Hubble Deep Field	Location of candidate high-redshift galaxies	https://esahubble.org/images/opo9832j/
1597	opo9832h	HDF	Hubble Deep Field	HDF , Hubble Deep Field , Ursa Major	Comparative View of Galaxy's Stellar Populations	https://esahubble.org/images/opo9832h/
1598	opo9832f	HDF	Hubble Deep Field	HDF , Hubble Deep Field	Hubble Deep Field in Infrared	https://esahubble.org/images/opo9832f/
1615	opo9734z	Antennae	NGC 4038 / NGC 4039 / IRAS 11593-1835	Antennae , IRAS 11593-1835 , IRAS F11593-1836 , NGC 4038 , NGC 4039	Close-Up of Star Formation in Antennae Galaxy	https://esahubble.org/images/opo9734z/
1616	opo9734c	Antennae	NGC 4038 / NGC 4039 / IRAS 11593-1835	Antennae , IRAS 11593-1835 , IRAS F11593-1836 , NGC 4038 , NGC 4039	Colliding Galaxies NGC 4038 and NGC 4039 (ground-based image)	https://esahubble.org/images/opo9734c/
1626	opo9624a4	HDF	Hubble Deep Field	HDF , Hubble Deep Field	Distant Galaxy in the Hubble Deep Field	https://esahubble.org/images/opo9624a4/
1627	opo9624a2	HDF	Hubble Deep Field	HDF , Hubble Deep Field	Distant Galaxy in the Hubble Deep Field	https://esahubble.org/images/opo9624a2/
1628	opo9624a3	HDF	Hubble Deep Field	HDF , Hubble Deep Field	Distant Galaxy in the Hubble Deep Field	https://esahubble.org/images/opo9624a3/
1629	opo9624b	HDF	Hubble Deep Field	HDF , Hubble Deep Field	Faint Galaxy in the Hubble Deep Field	https://esahubble.org/images/opo9624b/
1630	opo9624a1	HDF	Hubble Deep Field	HDF , Hubble Deep Field	Distant Galaxy in the Hubble Deep Field	https://esahubble.org/images/opo9624a1/
1639	opo9439a	Galaxies	Galaxies , Medium Deep Survey	Galaxies , Medium Deep Survey	Normal Galaxies from HST Medium Deep Survey	https://esahubble.org/images/opo9439a/
1668	opo0907j	Pinwheel	M 101 / NGC 4547	Messier 101 , NGC 4547 , Pinwheel	Compass and scale illustration for M101	https://esahubble.org/images/opo0907j/
1695	opo9452b	Galaxies	J0003-2603	Galaxies , QSO J0003-2603	Galaxies in the young Universe	https://esahubble.org/images/opo9452b/
1696	opo9452c	Galaxies	REP: Snapshots in Time galaxy set	Galaxies	Galaxies: snapshots in time	https://esahubble.org/images/opo9452c/
1698	opo9452f	Galaxies	REP: Snapshots in Time galaxy set	Galaxies	Galaxies: snapshots in time	https://esahubble.org/images/opo9452f/
1699	opo9452j	Galaxies	REP: Snapshots in Time galaxy set	Galaxies	Galaxies: snapshots in time	https://esahubble.org/images/opo9452j/
1731	opo9449b1	Cepheid	M 100	Cepheid , Cepheid Variable Star	Cepheid variable star in galaxy M100	https://esahubble.org/images/opo9449b1/
1759	opo0206f	ACS	N/A	ACS	ACS Z-band	https://esahubble.org/images/opo0206f/
1760	opo0206k	ACS	REP: ACS	ACS	ACS will find the most distant galaxies	https://esahubble.org/images/opo0206k/
1761	opo0206e	ACS	N/A	ACS	ACS I-band	https://esahubble.org/images/opo0206e/
1775	opo9734q	Atoms-for-peace	NGC 7252 / IRAS 22179-2455	Atoms-for-peace , IRAS 22179-2455 , NGC 7252	NGC 7252	https://esahubble.org/images/opo9734q/
1777	opo9734p	Antennae	NGC 4038 / NGC 4039 / IRAS 11593-1835	Antennae , IRAS 11593-1835 , NGC 4038 , NGC 4039	NGC 4038/4039	https://esahubble.org/images/opo9734p/
1839	opo9219a	Galaxies	REP: Galaxies	Galaxies	Hubble Space Telescope deep-sky survey reveals embryonic galaxies	https://esahubble.org/images/opo9219a/
1859	opo9919e	Cepheids	NGC 4603 / IRAS 12382-4042	Cepheids , IRAS 12382-4042 , NGC 4603	Cepheid 2 NGC 4603	https://esahubble.org/images/opo9919e/
1860	opo9919f	Cepheids	NGC 4603 / IRAS 12382-4042	Cepheids , IRAS 12382-4042 , NGC 4603	Cepheid 3 NGC 4603	https://esahubble.org/images/opo9919f/
1861	opo9919g	Cepheids	NGC 4603 / IRAS 12382-4042	Cepheids , IRAS 12382-4042 , NGC 4603	Cepheid 4 NGC 4603	https://esahubble.org/images/opo9919g/
1862	opo9919d	Cepheids	NGC 4603 / IRAS 12382-4042	Cepheids , IRAS 12382-4042 , NGC 4603	Cepheid 1 NGC 4603	https://esahubble.org/images/opo9919d/
1863	opo9919c	Cepheids	NGC 4603 / IRAS 12382-4042	Cepheids , IRAS 12382-4042 , NGC 4603	PC only with location of Cepheids marked	https://esahubble.org/images/opo9919c/
1868	ann0912a	Sagittarius	Sagittarius	Sagittarius	Hubble celebrates International Year of Astronomy with new view of Milky Way	https://esahubble.org/images/ann0912a/
1872	ann0602	Galaxies	REP: Galaxies	Galaxies	Tracing the evolution of the first galaxies in the Universe	https://esahubble.org/images/ann0602/
